country,target_name,sector,unit,gwp,year,target,current,wem,wam,target_numeric,has_any_numeric_target,description
FI,Promoting the use of renewable fuels in the transport sector,Transport,%,AR 5,2022,12,,,,12.0,True,"The annual minimum share of renewable fuels in road transport delivered for consumption shall increase gradually to 34% by 2030. The Government Programme of 16 June 2023, however, sets a lower target for renewable fuels in transport for years 2024–2027 in separate bills. The same bills will also enable including renewable electricity delivered at public charging stations and an adjustment of the required shares of advanced biofuels and new minimum shares for renewable fuels of non-biological origin."
FI,Promoting the use of renewable fuels in the transport sector,Transport,%,AR 5,2023,13.5,,,,13.5,True,"The annual minimum share of renewable fuels in road transport delivered for consumption shall increase gradually to 34% by 2030. The Government Programme of 16 June 2023, however, sets a lower target for renewable fuels in transport for years 2024–2027 in separate bills. The same bills will also enable including renewable electricity delivered at public charging stations and an adjustment of the required shares of advanced biofuels and new minimum shares for renewable fuels of non-biological origin."
FI,Promoting the use of renewable fuels in the transport sector,Transport,%,AR 5,2030,34,,34,,34.0,True,"The annual minimum share of renewable fuels in road transport delivered for consumption shall increase gradually to 34% by 2030. The Government Programme of 16 June 2023, however, sets a lower target for renewable fuels in transport for years 2024–2027 in separate bills. The same bills will also enable including renewable electricity delivered at public charging stations and an adjustment of the required shares of advanced biofuels and new minimum shares for renewable fuels of non-biological origin."
FI,Promoting the use of renewable fuels in the transport sector,Transport,%,AR 5,2035,34,,34,,34.0,True,"The annual minimum share of renewable fuels in road transport delivered for consumption shall increase gradually to 34% by 2030. The Government Programme of 16 June 2023, however, sets a lower target for renewable fuels in transport for years 2024–2027 in separate bills. The same bills will also enable including renewable electricity delivered at public charging stations and an adjustment of the required shares of advanced biofuels and new minimum shares for renewable fuels of non-biological origin."
FI,Promoting the use of renewable fuels in the transport sector,Transport,%,AR 5,2040,34,,34,,34.0,True,"The annual minimum share of renewable fuels in road transport delivered for consumption shall increase gradually to 34% by 2030. The Government Programme of 16 June 2023, however, sets a lower target for renewable fuels in transport for years 2024–2027 in separate bills. The same bills will also enable including renewable electricity delivered at public charging stations and an adjustment of the required shares of advanced biofuels and new minimum shares for renewable fuels of non-biological origin."
FI,Phasing out coal in energy production,Energy sector,TWh (of energy use),AR 5,2022,NA,,,,,True,Legislation prohibits use of coal in energy production from 1 May 2029. The act takes into account aspects related to the security of energy supply and emergencies. Investment aid for projects that rapidly phase out the use of coal energy.
FI,Phasing out coal in energy production,Energy sector,TWh (of energy use),AR 5,2023,NA,,,,,True,Legislation prohibits use of coal in energy production from 1 May 2029. The act takes into account aspects related to the security of energy supply and emergencies. Investment aid for projects that rapidly phase out the use of coal energy.
FI,Phasing out coal in energy production,Energy sector,TWh (of energy use),AR 5,2030,0,,0,,0.0,True,Legislation prohibits use of coal in energy production from 1 May 2029. The act takes into account aspects related to the security of energy supply and emergencies. Investment aid for projects that rapidly phase out the use of coal energy.
FI,Phasing out coal in energy production,Energy sector,TWh (of energy use),AR 5,2035,0,,0,,0.0,True,Legislation prohibits use of coal in energy production from 1 May 2029. The act takes into account aspects related to the security of energy supply and emergencies. Investment aid for projects that rapidly phase out the use of coal energy.
FI,Phasing out coal in energy production,Energy sector,TWh (of energy use),AR 5,2040,0,,0,,0.0,True,Legislation prohibits use of coal in energy production from 1 May 2029. The act takes into account aspects related to the security of energy supply and emergencies. Investment aid for projects that rapidly phase out the use of coal energy.
FI,Reduce emissions from agriculture by 29 %,Agriculture,%,AR 5,2022,NA,5,,,,True,The exact target is to reduce emissions from agriculture by 29 % by 2035 compared to the 2019 level
FI,Reduce emissions from agriculture by 29 %,Agriculture,%,AR 5,2023,NA,7,,,,True,The exact target is to reduce emissions from agriculture by 29 % by 2035 compared to the 2019 level
FI,Reduce emissions from agriculture by 29 %,Agriculture,%,AR 5,2030,NA,,12,,,True,The exact target is to reduce emissions from agriculture by 29 % by 2035 compared to the 2019 level
FI,Reduce emissions from agriculture by 29 %,Agriculture,%,AR 5,2035,29,,14,,29.0,True,The exact target is to reduce emissions from agriculture by 29 % by 2035 compared to the 2019 level
FI,Reduce emissions from agriculture by 29 %,Agriculture,%,AR 5,2040,NA,,14,,,True,The exact target is to reduce emissions from agriculture by 29 % by 2035 compared to the 2019 level
EL,ESR target,ESR sectors,ktCO2eq,AR 5,2022,46969.6,45827.2,,,46969.6,True,Target for Greece: -22.7% in 2030 compared to 2005 levels
EL,ESR target,ESR sectors,ktCO2eq,AR 5,2023,47184.4,46051.8,,,47184.4,True,Target for Greece: -22.7% in 2030 compared to 2005 levels
EL,ESR target,ESR sectors,ktCO2eq,AR 5,2030,47613900,,42689.5,42689.5,47613900.0,True,Target for Greece: -22.7% in 2030 compared to 2005 levels
EL,ESR target,ESR sectors,ktCO2eq,AR 5,2035,48687500,,35748.3,35748.3,48687500.0,True,Target for Greece: -22.7% in 2030 compared to 2005 levels
EL,ESR target,ESR sectors,ktCO2eq,AR 5,2040,NA,,28788.9,28788.9,,True,Target for Greece: -22.7% in 2030 compared to 2005 levels
EL,National climate neutrality target,All sectors,ktCO2eq,AR 5,2022,NA,14.3,,,,True,Climate neutrality by 2050
EL,National climate neutrality target,All sectors,ktCO2eq,AR 5,2023,NA,12.99,,,,True,Climate neutrality by 2050
EL,National climate neutrality target,All sectors,ktCO2eq,AR 5,2030,60924.9,,11.6,60924.9,60924.9,True,Climate neutrality by 2050
EL,National climate neutrality target,All sectors,ktCO2eq,AR 5,2035,40408.4,,10.1,40408.4,40408.4,True,Climate neutrality by 2050
EL,National climate neutrality target,All sectors,ktCO2eq,AR 5,2040,29654.4,,9.3,29654.4,29654.4,True,Climate neutrality by 2050
EE,Net emissions of greenhouse gases (incl. the LULUCF sector) of 8 Mt CO2 eq. by 2035,The whole economy,million tonnes of CO2 eq.,AR 5,2022,NA,,,,,False,"""Estonia 2035"", action plan sets a GHG net emission target of 8 million tonnes of CO₂ equivalent by 2035."
EE,Net emissions of greenhouse gases (incl. the LULUCF sector) of 8 Mt CO2 eq. by 2035,The whole economy,million tonnes of CO2 eq.,AR 5,2023,NA,,,,,False,"""Estonia 2035"", action plan sets a GHG net emission target of 8 million tonnes of CO₂ equivalent by 2035."
EE,Net emissions of greenhouse gases (incl. the LULUCF sector) of 8 Mt CO2 eq. by 2035,The whole economy,million tonnes of CO2 eq.,AR 5,2030,NA,,,,,False,"""Estonia 2035"", action plan sets a GHG net emission target of 8 million tonnes of CO₂ equivalent by 2035."
EE,Net emissions of greenhouse gases (incl. the LULUCF sector) of 8 Mt CO2 eq. by 2035,The whole economy,million tonnes of CO2 eq.,AR 5,2035,NA,,,,,False,"""Estonia 2035"", action plan sets a GHG net emission target of 8 million tonnes of CO₂ equivalent by 2035."
EE,Net emissions of greenhouse gases (incl. the LULUCF sector) of 8 Mt CO2 eq. by 2035,The whole economy,million tonnes of CO2 eq.,AR 5,2040,NA,,,,,False,"""Estonia 2035"", action plan sets a GHG net emission target of 8 million tonnes of CO₂ equivalent by 2035."
NL,Climate Act: greenhouse gas reduction,All sectors except international aviation,kt CO2eq,AR 5,2022,NA,157023,,,,True,"In the (updated) Climate Act, the following long-term objective is set:  100% greenhouse gas reduction in 2050 compared to 1990, with an interim target of 55% greenhouse gas reduction in 2030."
NL,Climate Act: greenhouse gas reduction,All sectors except international aviation,kt CO2eq,AR 5,2023,NA,146441,,,,True,"In the (updated) Climate Act, the following long-term objective is set:  100% greenhouse gas reduction in 2050 compared to 1990, with an interim target of 55% greenhouse gas reduction in 2030."
NL,Climate Act: greenhouse gas reduction,All sectors except international aviation,kt CO2eq,AR 5,2030,102395,,120632,116913,102395.0,True,"In the (updated) Climate Act, the following long-term objective is set:  100% greenhouse gas reduction in 2050 compared to 1990, with an interim target of 55% greenhouse gas reduction in 2030."
NL,Climate Act: greenhouse gas reduction,All sectors except international aviation,kt CO2eq,AR 5,2035,NA,,104322,100727,,True,"In the (updated) Climate Act, the following long-term objective is set:  100% greenhouse gas reduction in 2050 compared to 1990, with an interim target of 55% greenhouse gas reduction in 2030."
NL,Climate Act: greenhouse gas reduction,All sectors except international aviation,kt CO2eq,AR 5,2040,NA,,89232,86356,,True,"In the (updated) Climate Act, the following long-term objective is set:  100% greenhouse gas reduction in 2050 compared to 1990, with an interim target of 55% greenhouse gas reduction in 2030."
NL,Climate Act: CO2-neutral electricity production in 2035,Electricity,kg CO2 / kWh produced ,AR 5,2022,NA,0.27,,,,True,"In the (updated) Climate Act, the following long-term objective is set: electricity production must be 100% CO2- neutral in 2035."
NL,Climate Act: CO2-neutral electricity production in 2035,Electricity,kg CO2 / kWh produced ,AR 5,2023,NA,0.22,,,,True,"In the (updated) Climate Act, the following long-term objective is set: electricity production must be 100% CO2- neutral in 2035."
NL,Climate Act: CO2-neutral electricity production in 2035,Electricity,kg CO2 / kWh produced ,AR 5,2030,NA,,0.1,0.1,,True,"In the (updated) Climate Act, the following long-term objective is set: electricity production must be 100% CO2- neutral in 2035."
NL,Climate Act: CO2-neutral electricity production in 2035,Electricity,kg CO2 / kWh produced ,AR 5,2035,0,,0.07,0.06,0.0,True,"In the (updated) Climate Act, the following long-term objective is set: electricity production must be 100% CO2- neutral in 2035."
NL,Climate Act: CO2-neutral electricity production in 2035,Electricity,kg CO2 / kWh produced ,AR 5,2040,NA,,NA,NA,,True,"In the (updated) Climate Act, the following long-term objective is set: electricity production must be 100% CO2- neutral in 2035."
RO,Waste emissions target,Waste,ktCO2e,AR 5,2022,NA,6340.35,,,,True,"Romania envisages to reduce GHG emissions in this sector by 30% (by proper reduction, reusage and recycling of the waste) in 2030 relative to 1990 level"
RO,Waste emissions target,Waste,ktCO2e,AR 5,2023,NA,6319.56,,,,True,"Romania envisages to reduce GHG emissions in this sector by 30% (by proper reduction, reusage and recycling of the waste) in 2030 relative to 1990 level"
RO,Waste emissions target,Waste,ktCO2e,AR 5,2030,4250,,4415.2,4250,4250.0,True,"Romania envisages to reduce GHG emissions in this sector by 30% (by proper reduction, reusage and recycling of the waste) in 2030 relative to 1990 level"
RO,Waste emissions target,Waste,ktCO2e,AR 5,2035,3310.3,,3667.8,3310.3,3310.3,True,"Romania envisages to reduce GHG emissions in this sector by 30% (by proper reduction, reusage and recycling of the waste) in 2030 relative to 1990 level"
RO,Waste emissions target,Waste,ktCO2e,AR 5,2040,1993.7,,3064,1993.7,1993.7,True,"Romania envisages to reduce GHG emissions in this sector by 30% (by proper reduction, reusage and recycling of the waste) in 2030 relative to 1990 level"
RO,Renewable Energy emissions target,Energy,%,AR 5,2022,NA,27180.3,,,,True,The national objective for the share of renewable energy in the gross final consumption of energy by 2030 is 38.3%
RO,Renewable Energy emissions target,Energy,%,AR 5,2023,NA,24388,,,,True,The national objective for the share of renewable energy in the gross final consumption of energy by 2030 is 38.3%
RO,Renewable Energy emissions target,Energy,%,AR 5,2030,38.28,,13664.4,38.28,38.28,True,The national objective for the share of renewable energy in the gross final consumption of energy by 2030 is 38.3%
RO,Renewable Energy emissions target,Energy,%,AR 5,2035,NA,,11505.4,NA,,True,The national objective for the share of renewable energy in the gross final consumption of energy by 2030 is 38.3%
RO,Renewable Energy emissions target,Energy,%,AR 5,2040,NA,,6887.5,NA,,True,The national objective for the share of renewable energy in the gross final consumption of energy by 2030 is 38.3%
RO,Energy system target,Energy supply plus Fugitive emissions,ktCO2e,AR 5,2022,NA,,,,,True,Romania envisages to reduce GHG emissions in this sector by 87% GHG (mainly through the gradual decommissioning of coal and lignite fired power plants and building RES capacities) in 2030 relative to 1990 level
RO,Energy system target,Energy supply plus Fugitive emissions,ktCO2e,AR 5,2023,NA,,,,,True,Romania envisages to reduce GHG emissions in this sector by 87% GHG (mainly through the gradual decommissioning of coal and lignite fired power plants and building RES capacities) in 2030 relative to 1990 level
RO,Energy system target,Energy supply plus Fugitive emissions,ktCO2e,AR 5,2030,13450,,,13450,13450.0,True,Romania envisages to reduce GHG emissions in this sector by 87% GHG (mainly through the gradual decommissioning of coal and lignite fired power plants and building RES capacities) in 2030 relative to 1990 level
RO,Energy system target,Energy supply plus Fugitive emissions,ktCO2e,AR 5,2035,12073.8,,,12073.8,12073.8,True,Romania envisages to reduce GHG emissions in this sector by 87% GHG (mainly through the gradual decommissioning of coal and lignite fired power plants and building RES capacities) in 2030 relative to 1990 level
RO,Energy system target,Energy supply plus Fugitive emissions,ktCO2e,AR 5,2040,7566.3,,,7566.3,7566.3,True,Romania envisages to reduce GHG emissions in this sector by 87% GHG (mainly through the gradual decommissioning of coal and lignite fired power plants and building RES capacities) in 2030 relative to 1990 level
RO,Transport emissionS target,transport,ktCO2e,AR 5,2022,NA,21158.5,,,,True,"Romania envisages no more than 41% GHG emission increase (mainly by increasing the share of hybrid, plug-in hybrid and electric vehicles) in 2030 relative to 1990 level"
RO,Transport emissionS target,transport,ktCO2e,AR 5,2023,NA,22124.8,,,,True,"Romania envisages no more than 41% GHG emission increase (mainly by increasing the share of hybrid, plug-in hybrid and electric vehicles) in 2030 relative to 1990 level"
RO,Transport emissionS target,transport,ktCO2e,AR 5,2030,17400,,19340.8,17400,17400.0,True,"Romania envisages no more than 41% GHG emission increase (mainly by increasing the share of hybrid, plug-in hybrid and electric vehicles) in 2030 relative to 1990 level"
RO,Transport emissionS target,transport,ktCO2e,AR 5,2035,13393.6,,19309.5,13393.6,13393.6,True,"Romania envisages no more than 41% GHG emission increase (mainly by increasing the share of hybrid, plug-in hybrid and electric vehicles) in 2030 relative to 1990 level"
RO,Transport emissionS target,transport,ktCO2e,AR 5,2040,9050,,18755.3,9050,9050.0,True,"Romania envisages no more than 41% GHG emission increase (mainly by increasing the share of hybrid, plug-in hybrid and electric vehicles) in 2030 relative to 1990 level"
RO,Buildings emissionS target,Buildings,ktCO2e,AR 5,2022,NA,12283.4,,,,True,Romania envisages to reduce GHG emissions in this sector by - 2%  (mainly by improving the buildings performance and increasing the share of heat pumps and solar thermal collectors) in 2030 relative to 1990 level
RO,Buildings emissionS target,Buildings,ktCO2e,AR 5,2023,NA,12062,,,,True,Romania envisages to reduce GHG emissions in this sector by - 2%  (mainly by improving the buildings performance and increasing the share of heat pumps and solar thermal collectors) in 2030 relative to 1990 level
RO,Buildings emissionS target,Buildings,ktCO2e,AR 5,2030,9175,,10587.9,9175,9175.0,True,Romania envisages to reduce GHG emissions in this sector by - 2%  (mainly by improving the buildings performance and increasing the share of heat pumps and solar thermal collectors) in 2030 relative to 1990 level
RO,Buildings emissionS target,Buildings,ktCO2e,AR 5,2035,7088.4,,9207.1,7088.4,7088.4,True,Romania envisages to reduce GHG emissions in this sector by - 2%  (mainly by improving the buildings performance and increasing the share of heat pumps and solar thermal collectors) in 2030 relative to 1990 level
RO,Buildings emissionS target,Buildings,ktCO2e,AR 5,2040,5432.4,,7918.9,5432.4,5432.4,True,Romania envisages to reduce GHG emissions in this sector by - 2%  (mainly by improving the buildings performance and increasing the share of heat pumps and solar thermal collectors) in 2030 relative to 1990 level
RO,Industry emissions target,Industry,ktCO2e,AR 5,2022,NA,23530.9,,,,True,"Romania envisages to reduce GHG emissions in this sector by – 77%   (mainly achieved by reduction of usage of fossil fuels, and their replacement with electricity and RES and improvement of the efficiency of the technologies) in 2030 relative to 1990 level"
RO,Industry emissions target,Industry,ktCO2e,AR 5,2023,NA,19889.8,,,,True,"Romania envisages to reduce GHG emissions in this sector by – 77%   (mainly achieved by reduction of usage of fossil fuels, and their replacement with electricity and RES and improvement of the efficiency of the technologies) in 2030 relative to 1990 level"
RO,Industry emissions target,Industry,ktCO2e,AR 5,2030,19490,,20080.4,19490,19490.0,True,"Romania envisages to reduce GHG emissions in this sector by – 77%   (mainly achieved by reduction of usage of fossil fuels, and their replacement with electricity and RES and improvement of the efficiency of the technologies) in 2030 relative to 1990 level"
RO,Industry emissions target,Industry,ktCO2e,AR 5,2035,17462.7,,18761.4,17462.7,17462.7,True,"Romania envisages to reduce GHG emissions in this sector by – 77%   (mainly achieved by reduction of usage of fossil fuels, and their replacement with electricity and RES and improvement of the efficiency of the technologies) in 2030 relative to 1990 level"
RO,Industry emissions target,Industry,ktCO2e,AR 5,2040,15493.6,,17538.5,15493.6,15493.6,True,"Romania envisages to reduce GHG emissions in this sector by – 77%   (mainly achieved by reduction of usage of fossil fuels, and their replacement with electricity and RES and improvement of the efficiency of the technologies) in 2030 relative to 1990 level"
RO,Agriculture emission target,Agriculture,ktCO2e,AR 5,2022,NA,18000.8,,,,True,Romania envisages to reduce GHG emissions in this sector by 47% GHG emission reduction (by appropriate Livestock diet and feed management) in 2030 relative to 1990 level
RO,Agriculture emission target,Agriculture,ktCO2e,AR 5,2023,NA,17891.2,,,,True,Romania envisages to reduce GHG emissions in this sector by 47% GHG emission reduction (by appropriate Livestock diet and feed management) in 2030 relative to 1990 level
RO,Agriculture emission target,Agriculture,ktCO2e,AR 5,2030,19212,,20494.2,19212,19212.0,True,Romania envisages to reduce GHG emissions in this sector by 47% GHG emission reduction (by appropriate Livestock diet and feed management) in 2030 relative to 1990 level
RO,Agriculture emission target,Agriculture,ktCO2e,AR 5,2035,18970,,20747.4,18970,18970.0,True,Romania envisages to reduce GHG emissions in this sector by 47% GHG emission reduction (by appropriate Livestock diet and feed management) in 2030 relative to 1990 level
RO,Agriculture emission target,Agriculture,ktCO2e,AR 5,2040,18680,,20922.9,18680,18680.0,True,Romania envisages to reduce GHG emissions in this sector by 47% GHG emission reduction (by appropriate Livestock diet and feed management) in 2030 relative to 1990 level
RO,LULUCF  removals  target,LULUCF,ktCO2e,AR 5,2022,NA,-45686.1,,,,True,Romania envisages to increase removals by 17% GHG (mainly through appropriate forest fires management) in 2030 relative to 1990 level
RO,LULUCF  removals  target,LULUCF,ktCO2e,AR 5,2023,NA,-46424.8,,,,True,Romania envisages to increase removals by 17% GHG (mainly through appropriate forest fires management) in 2030 relative to 1990 level
RO,LULUCF  removals  target,LULUCF,ktCO2e,AR 5,2030,-49054,,-48958,-49054,-49054.0,True,Romania envisages to increase removals by 17% GHG (mainly through appropriate forest fires management) in 2030 relative to 1990 level
RO,LULUCF  removals  target,LULUCF,ktCO2e,AR 5,2035,-49715.6,,-49573,-49715.6,-49715.6,True,Romania envisages to increase removals by 17% GHG (mainly through appropriate forest fires management) in 2030 relative to 1990 level
RO,LULUCF  removals  target,LULUCF,ktCO2e,AR 5,2040,-50111,,-49887,-50111,-50111.0,True,Romania envisages to increase removals by 17% GHG (mainly through appropriate forest fires management) in 2030 relative to 1990 level
DK,NA,NA,NA,AR 5,2022,NA,NA,,,,False,NA
DK,NA,NA,NA,AR 5,2023,NA,NA,,,,False,NA
DK,NA,NA,NA,AR 5,2030,NA,,NA,NA,,False,NA
DK,NA,NA,NA,AR 5,2035,NA,,NA,NA,,False,NA
DK,NA,NA,NA,AR 5,2040,NA,,NA,NA,,False,NA
PL,"Redukcja emisji gazów cieplarnianych w sektorach nieobjętych systemem ETS  na poziomie -17,7% w 2030 r. w porównaniu do poziomu w roku 2005.",brak danych,brak danych,AR 4,2022,NA,,,,,False,brak danych
PL,"Redukcja emisji gazów cieplarnianych w sektorach nieobjętych systemem ETS  na poziomie -17,7% w 2030 r. w porównaniu do poziomu w roku 2005.",brak danych,brak danych,AR 4,2023,NA,,,,,False,brak danych
PL,"Redukcja emisji gazów cieplarnianych w sektorach nieobjętych systemem ETS  na poziomie -17,7% w 2030 r. w porównaniu do poziomu w roku 2005.",brak danych,brak danych,AR 4,2030,NA,,,,,False,brak danych
PL,"Redukcja emisji gazów cieplarnianych w sektorach nieobjętych systemem ETS  na poziomie -17,7% w 2030 r. w porównaniu do poziomu w roku 2005.",brak danych,brak danych,AR 4,2035,NA,,,,,False,brak danych
PL,"Redukcja emisji gazów cieplarnianych w sektorach nieobjętych systemem ETS  na poziomie -17,7% w 2030 r. w porównaniu do poziomu w roku 2005.",brak danych,brak danych,AR 4,2040,NA,,,,,False,brak danych
PL,Udział sektora LULUCF w wypełnianiu celów redukcyjnych do 2030 roku w UE,LULUCF,Mt ekw. CO2,AR 4,2022,NA,,,,,False,Zwiększenie pochłaniania gazów cieplarnianych w sektorze LULUCF
PL,Udział sektora LULUCF w wypełnianiu celów redukcyjnych do 2030 roku w UE,LULUCF,Mt ekw. CO2,AR 4,2023,NA,,,,,False,Zwiększenie pochłaniania gazów cieplarnianych w sektorze LULUCF
PL,Udział sektora LULUCF w wypełnianiu celów redukcyjnych do 2030 roku w UE,LULUCF,Mt ekw. CO2,AR 4,2030,NA,,,,,False,Zwiększenie pochłaniania gazów cieplarnianych w sektorze LULUCF
PL,Udział sektora LULUCF w wypełnianiu celów redukcyjnych do 2030 roku w UE,LULUCF,Mt ekw. CO2,AR 4,2035,NA,,,,,False,Zwiększenie pochłaniania gazów cieplarnianych w sektorze LULUCF
PL,Udział sektora LULUCF w wypełnianiu celów redukcyjnych do 2030 roku w UE,LULUCF,Mt ekw. CO2,AR 4,2040,NA,,,,,False,Zwiększenie pochłaniania gazów cieplarnianych w sektorze LULUCF
PL,"Dążenie do ograniczenia emisji krajowych emisji gazów cieplarnianych, w tym CO2",brak danych,brak danych,AR 4,2022,NA,,,,,False,brak danych
PL,"Dążenie do ograniczenia emisji krajowych emisji gazów cieplarnianych, w tym CO2",brak danych,brak danych,AR 4,2023,NA,,,,,False,brak danych
PL,"Dążenie do ograniczenia emisji krajowych emisji gazów cieplarnianych, w tym CO2",brak danych,brak danych,AR 4,2030,NA,,,,,False,brak danych
PL,"Dążenie do ograniczenia emisji krajowych emisji gazów cieplarnianych, w tym CO2",brak danych,brak danych,AR 4,2035,NA,,,,,False,brak danych
PL,"Dążenie do ograniczenia emisji krajowych emisji gazów cieplarnianych, w tym CO2",brak danych,brak danych,AR 4,2040,NA,,,,,False,brak danych
PL,Cel pośredni – od 2025 r. redukcja średniego poziomu emisji CO2 parku nowych samochodów osobowych i lekkich samochodów dostawczych o 15% w odniesieniu do roku 2021.,brak danych,brak danych,AR 4,2022,NA,,,,,False,brak danych
PL,Cel pośredni – od 2025 r. redukcja średniego poziomu emisji CO2 parku nowych samochodów osobowych i lekkich samochodów dostawczych o 15% w odniesieniu do roku 2021.,brak danych,brak danych,AR 4,2023,NA,,,,,False,brak danych
PL,Cel pośredni – od 2025 r. redukcja średniego poziomu emisji CO2 parku nowych samochodów osobowych i lekkich samochodów dostawczych o 15% w odniesieniu do roku 2021.,brak danych,brak danych,AR 4,2030,NA,,,,,False,brak danych
PL,Cel pośredni – od 2025 r. redukcja średniego poziomu emisji CO2 parku nowych samochodów osobowych i lekkich samochodów dostawczych o 15% w odniesieniu do roku 2021.,brak danych,brak danych,AR 4,2035,NA,,,,,False,brak danych
PL,Cel pośredni – od 2025 r. redukcja średniego poziomu emisji CO2 parku nowych samochodów osobowych i lekkich samochodów dostawczych o 15% w odniesieniu do roku 2021.,brak danych,brak danych,AR 4,2040,NA,,,,,False,brak danych
PL,"Cel główny – od 2030 r. redukcja średniego poziomu emisji CO2 parku nowych samochodów osobowych o 37,5% i nowych lekkich samochodów dostawczych o 31% w odniesieniu do roku 2021.",brak danych,brak danych,AR 4,2022,NA,,,,,False,brak danych
PL,"Cel główny – od 2030 r. redukcja średniego poziomu emisji CO2 parku nowych samochodów osobowych o 37,5% i nowych lekkich samochodów dostawczych o 31% w odniesieniu do roku 2021.",brak danych,brak danych,AR 4,2023,NA,,,,,False,brak danych
PL,"Cel główny – od 2030 r. redukcja średniego poziomu emisji CO2 parku nowych samochodów osobowych o 37,5% i nowych lekkich samochodów dostawczych o 31% w odniesieniu do roku 2021.",brak danych,brak danych,AR 4,2030,NA,,,,,False,brak danych
PL,"Cel główny – od 2030 r. redukcja średniego poziomu emisji CO2 parku nowych samochodów osobowych o 37,5% i nowych lekkich samochodów dostawczych o 31% w odniesieniu do roku 2021.",brak danych,brak danych,AR 4,2035,NA,,,,,False,brak danych
PL,"Cel główny – od 2030 r. redukcja średniego poziomu emisji CO2 parku nowych samochodów osobowych o 37,5% i nowych lekkich samochodów dostawczych o 31% w odniesieniu do roku 2021.",brak danych,brak danych,AR 4,2040,NA,,,,,False,brak danych
PL,"Zwiększenie wskaźnika wydajności środowiskowej >70 pkt. w porównaniu do 64,11 pkt. w 2018 r.",Środowiskowy,pkt,AR 4,2022,NA,,,,,True,"Wskaźnik wydajności środowiskowej składa się z szeregu mierników dotyczących zdrowia środowiskowego (np. jakość powietrza, stan wód, wpływ środowiska na zdrowie ludzi) oraz zdrowotności i witalności ekosystemów (np. oczyszczanie ścieków, zanieczyszczenie azotanami, zmiana lesistości, zasoby ryb, ochrona gatunków, poziom emisji gazów cieplarnianych). Maksymalna wartość wskaźnika wynosi 100 i oznacza wysoką wydajność środowiskową."
PL,"Zwiększenie wskaźnika wydajności środowiskowej >70 pkt. w porównaniu do 64,11 pkt. w 2018 r.",Środowiskowy,pkt,AR 4,2023,NA,,,,,True,"Wskaźnik wydajności środowiskowej składa się z szeregu mierników dotyczących zdrowia środowiskowego (np. jakość powietrza, stan wód, wpływ środowiska na zdrowie ludzi) oraz zdrowotności i witalności ekosystemów (np. oczyszczanie ścieków, zanieczyszczenie azotanami, zmiana lesistości, zasoby ryb, ochrona gatunków, poziom emisji gazów cieplarnianych). Maksymalna wartość wskaźnika wynosi 100 i oznacza wysoką wydajność środowiskową."
PL,"Zwiększenie wskaźnika wydajności środowiskowej >70 pkt. w porównaniu do 64,11 pkt. w 2018 r.",Środowiskowy,pkt,AR 4,2030,NA,,,,,True,"Wskaźnik wydajności środowiskowej składa się z szeregu mierników dotyczących zdrowia środowiskowego (np. jakość powietrza, stan wód, wpływ środowiska na zdrowie ludzi) oraz zdrowotności i witalności ekosystemów (np. oczyszczanie ścieków, zanieczyszczenie azotanami, zmiana lesistości, zasoby ryb, ochrona gatunków, poziom emisji gazów cieplarnianych). Maksymalna wartość wskaźnika wynosi 100 i oznacza wysoką wydajność środowiskową."
PL,"Zwiększenie wskaźnika wydajności środowiskowej >70 pkt. w porównaniu do 64,11 pkt. w 2018 r.",Środowiskowy,pkt,AR 4,2035,70,,,,70.0,True,"Wskaźnik wydajności środowiskowej składa się z szeregu mierników dotyczących zdrowia środowiskowego (np. jakość powietrza, stan wód, wpływ środowiska na zdrowie ludzi) oraz zdrowotności i witalności ekosystemów (np. oczyszczanie ścieków, zanieczyszczenie azotanami, zmiana lesistości, zasoby ryb, ochrona gatunków, poziom emisji gazów cieplarnianych). Maksymalna wartość wskaźnika wynosi 100 i oznacza wysoką wydajność środowiskową."
PL,"Zwiększenie wskaźnika wydajności środowiskowej >70 pkt. w porównaniu do 64,11 pkt. w 2018 r.",Środowiskowy,pkt,AR 4,2040,NA,,,,,True,"Wskaźnik wydajności środowiskowej składa się z szeregu mierników dotyczących zdrowia środowiskowego (np. jakość powietrza, stan wód, wpływ środowiska na zdrowie ludzi) oraz zdrowotności i witalności ekosystemów (np. oczyszczanie ścieków, zanieczyszczenie azotanami, zmiana lesistości, zasoby ryb, ochrona gatunków, poziom emisji gazów cieplarnianych). Maksymalna wartość wskaźnika wynosi 100 i oznacza wysoką wydajność środowiskową."
PL,Poprawa stanu jednolitych części wód powierzchniowych i podziemnych,brak danych,brak danych,AR 4,2022,NA,,,,,False,brak danych
PL,Poprawa stanu jednolitych części wód powierzchniowych i podziemnych,brak danych,brak danych,AR 4,2023,NA,,,,,False,brak danych
PL,Poprawa stanu jednolitych części wód powierzchniowych i podziemnych,brak danych,brak danych,AR 4,2030,NA,,,,,False,brak danych
PL,Poprawa stanu jednolitych części wód powierzchniowych i podziemnych,brak danych,brak danych,AR 4,2035,NA,,,,,False,brak danych
PL,Poprawa stanu jednolitych części wód powierzchniowych i podziemnych,brak danych,brak danych,AR 4,2040,NA,,,,,False,brak danych
PL,"Zwiększenie odsetka ludności korzystającej z sieci kanalizacyjnej w stosunku do ludności ogółem do 85% z 70,5% (w 2017 r.)",gospodarka komunalna,%,AR 4,2022,72.3,,,,72.3,True,brak danych
PL,"Zwiększenie odsetka ludności korzystającej z sieci kanalizacyjnej w stosunku do ludności ogółem do 85% z 70,5% (w 2017 r.)",gospodarka komunalna,%,AR 4,2023,NA,,,,,True,brak danych
PL,"Zwiększenie odsetka ludności korzystającej z sieci kanalizacyjnej w stosunku do ludności ogółem do 85% z 70,5% (w 2017 r.)",gospodarka komunalna,%,AR 4,2030,NA,,,,,True,brak danych
PL,"Zwiększenie odsetka ludności korzystającej z sieci kanalizacyjnej w stosunku do ludności ogółem do 85% z 70,5% (w 2017 r.)",gospodarka komunalna,%,AR 4,2035,85,,,,85.0,True,brak danych
PL,"Zwiększenie odsetka ludności korzystającej z sieci kanalizacyjnej w stosunku do ludności ogółem do 85% z 70,5% (w 2017 r.)",gospodarka komunalna,%,AR 4,2040,NA,,,,,True,brak danych
PL,"Zwiększenie odsetka ludności korzystającej z oczyszczalni ścieków do 86% z 73,6% (w 2017 r.)",gospodarka komunalna,%,AR 4,2022,75.7,,,,75.7,True,brak danych
PL,"Zwiększenie odsetka ludności korzystającej z oczyszczalni ścieków do 86% z 73,6% (w 2017 r.)",gospodarka komunalna,%,AR 4,2023,NA,,,,,True,brak danych
PL,"Zwiększenie odsetka ludności korzystającej z oczyszczalni ścieków do 86% z 73,6% (w 2017 r.)",gospodarka komunalna,%,AR 4,2030,NA,,,,,True,brak danych
PL,"Zwiększenie odsetka ludności korzystającej z oczyszczalni ścieków do 86% z 73,6% (w 2017 r.)",gospodarka komunalna,%,AR 4,2035,86,,,,86.0,True,brak danych
PL,"Zwiększenie odsetka ludności korzystającej z oczyszczalni ścieków do 86% z 73,6% (w 2017 r.)",gospodarka komunalna,%,AR 4,2040,NA,,,,,True,brak danych
PL,"Osiągnięcie poziomów dopuszczalnych i docelowych substancji określonych w dyrektywie 2008/50/WE i 2004/107/WE, oraz utrzymanie ich na tych obszarach, na których są dotrzymywane, a w przypadku pyłu PM2,5 także pułapu stężenia ekspozycji oraz Krajowego Celu Redukcji Narażenia",brak danych,brak danych,AR 4,2022,NA,,,,,False,brak danych
PL,"Osiągnięcie poziomów dopuszczalnych i docelowych substancji określonych w dyrektywie 2008/50/WE i 2004/107/WE, oraz utrzymanie ich na tych obszarach, na których są dotrzymywane, a w przypadku pyłu PM2,5 także pułapu stężenia ekspozycji oraz Krajowego Celu Redukcji Narażenia",brak danych,brak danych,AR 4,2023,NA,,,,,False,brak danych
PL,"Osiągnięcie poziomów dopuszczalnych i docelowych substancji określonych w dyrektywie 2008/50/WE i 2004/107/WE, oraz utrzymanie ich na tych obszarach, na których są dotrzymywane, a w przypadku pyłu PM2,5 także pułapu stężenia ekspozycji oraz Krajowego Celu Redukcji Narażenia",brak danych,brak danych,AR 4,2030,NA,,,,,False,brak danych
PL,"Osiągnięcie poziomów dopuszczalnych i docelowych substancji określonych w dyrektywie 2008/50/WE i 2004/107/WE, oraz utrzymanie ich na tych obszarach, na których są dotrzymywane, a w przypadku pyłu PM2,5 także pułapu stężenia ekspozycji oraz Krajowego Celu Redukcji Narażenia",brak danych,brak danych,AR 4,2035,NA,,,,,False,brak danych
PL,"Osiągnięcie poziomów dopuszczalnych i docelowych substancji określonych w dyrektywie 2008/50/WE i 2004/107/WE, oraz utrzymanie ich na tych obszarach, na których są dotrzymywane, a w przypadku pyłu PM2,5 także pułapu stężenia ekspozycji oraz Krajowego Celu Redukcji Narażenia",brak danych,brak danych,AR 4,2040,NA,,,,,False,brak danych
PL,Osiągnięcie w perspektywie do roku 2030 stężeń substancji w powietrzu na poziomach wskazanych przez WHO oraz nowych wymagań wynikających z regulacji prawnych projektowanych przepisami prawa unijnego,brak danych,brak danych,AR 4,2022,NA,,,,,False,brak danych
PL,Osiągnięcie w perspektywie do roku 2030 stężeń substancji w powietrzu na poziomach wskazanych przez WHO oraz nowych wymagań wynikających z regulacji prawnych projektowanych przepisami prawa unijnego,brak danych,brak danych,AR 4,2023,NA,,,,,False,brak danych
PL,Osiągnięcie w perspektywie do roku 2030 stężeń substancji w powietrzu na poziomach wskazanych przez WHO oraz nowych wymagań wynikających z regulacji prawnych projektowanych przepisami prawa unijnego,brak danych,brak danych,AR 4,2030,NA,,,,,False,brak danych
PL,Osiągnięcie w perspektywie do roku 2030 stężeń substancji w powietrzu na poziomach wskazanych przez WHO oraz nowych wymagań wynikających z regulacji prawnych projektowanych przepisami prawa unijnego,brak danych,brak danych,AR 4,2035,NA,,,,,False,brak danych
PL,Osiągnięcie w perspektywie do roku 2030 stężeń substancji w powietrzu na poziomach wskazanych przez WHO oraz nowych wymagań wynikających z regulacji prawnych projektowanych przepisami prawa unijnego,brak danych,brak danych,AR 4,2040,NA,,,,,False,brak danych
PL,Całkowita redukcja liczby stref z przekroczeniami poziomu dopuszczalnego pyłu PM10,ochrona powietrza,%,AR 4,2022,30.43,33962.7,,,30.43,True,"(Wskaźnik jakości powietrza = liczba stref z przekroczeniami poziomu dopuszczalnego pyłu PM10/ 46 stref, w których dokonuje się pomiaru)•100%.)"
PL,Całkowita redukcja liczby stref z przekroczeniami poziomu dopuszczalnego pyłu PM10,ochrona powietrza,%,AR 4,2023,4.34,44953,,,4.34,True,"(Wskaźnik jakości powietrza = liczba stref z przekroczeniami poziomu dopuszczalnego pyłu PM10/ 46 stref, w których dokonuje się pomiaru)•100%.)"
PL,Całkowita redukcja liczby stref z przekroczeniami poziomu dopuszczalnego pyłu PM10,ochrona powietrza,%,AR 4,2030,NA,,875000,875000,,True,"(Wskaźnik jakości powietrza = liczba stref z przekroczeniami poziomu dopuszczalnego pyłu PM10/ 46 stref, w których dokonuje się pomiaru)•100%.)"
PL,Całkowita redukcja liczby stref z przekroczeniami poziomu dopuszczalnego pyłu PM10,ochrona powietrza,%,AR 4,2035,0,,882000,882000,0.0,True,"(Wskaźnik jakości powietrza = liczba stref z przekroczeniami poziomu dopuszczalnego pyłu PM10/ 46 stref, w których dokonuje się pomiaru)•100%.)"
PL,Całkowita redukcja liczby stref z przekroczeniami poziomu dopuszczalnego pyłu PM10,ochrona powietrza,%,AR 4,2040,NA,,890000,890000,,True,"(Wskaźnik jakości powietrza = liczba stref z przekroczeniami poziomu dopuszczalnego pyłu PM10/ 46 stref, w których dokonuje się pomiaru)•100%.)"
PL,"Wzrost poziomu lesistości kraju do 31% z obecnych 29,6%",LULUCF,%,AR 4,2022,29.6,32,,,29.6,True,lesistość kraju
PL,"Wzrost poziomu lesistości kraju do 31% z obecnych 29,6%",LULUCF,%,AR 4,2023,29.6,NA,,,29.6,True,lesistość kraju
PL,"Wzrost poziomu lesistości kraju do 31% z obecnych 29,6%",LULUCF,%,AR 4,2030,NA,,,,,True,lesistość kraju
PL,"Wzrost poziomu lesistości kraju do 31% z obecnych 29,6%",LULUCF,%,AR 4,2035,31,,,,31.0,True,lesistość kraju
PL,"Wzrost poziomu lesistości kraju do 31% z obecnych 29,6%",LULUCF,%,AR 4,2040,NA,,,,,True,lesistość kraju
PL,"Zwiększenie do 30 liczby aglomeracji i miast powyżej 100 tys. mieszkańców, w których wartość wskaźnika średniego narażenia nie przekracza pułapu stężenia ekspozycji na pył PM2,5 na poziomie 20 μg/m3 w porównaniu do poziomu bazowego, który wynosi 11 miast",ochrona powietrza,szt.,AR 4,2022,25,,,,25.0,True,brak danych
PL,"Zwiększenie do 30 liczby aglomeracji i miast powyżej 100 tys. mieszkańców, w których wartość wskaźnika średniego narażenia nie przekracza pułapu stężenia ekspozycji na pył PM2,5 na poziomie 20 μg/m3 w porównaniu do poziomu bazowego, który wynosi 11 miast",ochrona powietrza,szt.,AR 4,2023,NA,,,,,True,brak danych
PL,"Zwiększenie do 30 liczby aglomeracji i miast powyżej 100 tys. mieszkańców, w których wartość wskaźnika średniego narażenia nie przekracza pułapu stężenia ekspozycji na pył PM2,5 na poziomie 20 μg/m3 w porównaniu do poziomu bazowego, który wynosi 11 miast",ochrona powietrza,szt.,AR 4,2030,NA,,,,,True,brak danych
PL,"Zwiększenie do 30 liczby aglomeracji i miast powyżej 100 tys. mieszkańców, w których wartość wskaźnika średniego narażenia nie przekracza pułapu stężenia ekspozycji na pył PM2,5 na poziomie 20 μg/m3 w porównaniu do poziomu bazowego, który wynosi 11 miast",ochrona powietrza,szt.,AR 4,2035,30,,,,30.0,True,brak danych
PL,"Zwiększenie do 30 liczby aglomeracji i miast powyżej 100 tys. mieszkańców, w których wartość wskaźnika średniego narażenia nie przekracza pułapu stężenia ekspozycji na pył PM2,5 na poziomie 20 μg/m3 w porównaniu do poziomu bazowego, który wynosi 11 miast",ochrona powietrza,szt.,AR 4,2040,NA,,,,,True,brak danych
PL,Zmniejszenie udziału obszarów zdegradowanych w ogólnej powierzchni kraju,Miasta,%,AR 4,2022,69,,,,69.0,True,cel zakłada zwiększenie odsetka mieszkańców polskich miast (w których liczba mieszkańców przekracza 20 tys.) objętych miejskimi planami adaptacji do zmian klimatu
PL,Zmniejszenie udziału obszarów zdegradowanych w ogólnej powierzchni kraju,Miasta,%,AR 4,2023,75,,,,75.0,True,cel zakłada zwiększenie odsetka mieszkańców polskich miast (w których liczba mieszkańców przekracza 20 tys.) objętych miejskimi planami adaptacji do zmian klimatu
PL,Zmniejszenie udziału obszarów zdegradowanych w ogólnej powierzchni kraju,Miasta,%,AR 4,2030,NA,,,,,True,cel zakłada zwiększenie odsetka mieszkańców polskich miast (w których liczba mieszkańców przekracza 20 tys.) objętych miejskimi planami adaptacji do zmian klimatu
PL,Zmniejszenie udziału obszarów zdegradowanych w ogólnej powierzchni kraju,Miasta,%,AR 4,2035,100,,,,100.0,True,cel zakłada zwiększenie odsetka mieszkańców polskich miast (w których liczba mieszkańców przekracza 20 tys.) objętych miejskimi planami adaptacji do zmian klimatu
PL,Zmniejszenie udziału obszarów zdegradowanych w ogólnej powierzchni kraju,Miasta,%,AR 4,2040,100,,,,100.0,True,cel zakłada zwiększenie odsetka mieszkańców polskich miast (w których liczba mieszkańców przekracza 20 tys.) objętych miejskimi planami adaptacji do zmian klimatu
PL,Zwiększenie do 60% odsetka mieszkańców polskich miast objętych miejskimi planami adaptacji (w porównaniu do wartości bazowej z 2015 r. wynoszącej 0%),Miasta,%,AR 4,2022,69,,,,69.0,True,cel zakłada zwiększenie odsetka mieszkańców polskich miast (w których liczba mieszkańców przekracza 20 tys.) objętych miejskimi planami adaptacji do zmian klimatu
PL,Zwiększenie do 60% odsetka mieszkańców polskich miast objętych miejskimi planami adaptacji (w porównaniu do wartości bazowej z 2015 r. wynoszącej 0%),Miasta,%,AR 4,2023,75,,,,75.0,True,cel zakłada zwiększenie odsetka mieszkańców polskich miast (w których liczba mieszkańców przekracza 20 tys.) objętych miejskimi planami adaptacji do zmian klimatu
PL,Zwiększenie do 60% odsetka mieszkańców polskich miast objętych miejskimi planami adaptacji (w porównaniu do wartości bazowej z 2015 r. wynoszącej 0%),Miasta,%,AR 4,2030,NA,,,,,True,cel zakłada zwiększenie odsetka mieszkańców polskich miast (w których liczba mieszkańców przekracza 20 tys.) objętych miejskimi planami adaptacji do zmian klimatu
PL,Zwiększenie do 60% odsetka mieszkańców polskich miast objętych miejskimi planami adaptacji (w porównaniu do wartości bazowej z 2015 r. wynoszącej 0%),Miasta,%,AR 4,2035,100,,,,100.0,True,cel zakłada zwiększenie odsetka mieszkańców polskich miast (w których liczba mieszkańców przekracza 20 tys.) objętych miejskimi planami adaptacji do zmian klimatu
PL,Zwiększenie do 60% odsetka mieszkańców polskich miast objętych miejskimi planami adaptacji (w porównaniu do wartości bazowej z 2015 r. wynoszącej 0%),Miasta,%,AR 4,2040,100,,,,100.0,True,cel zakłada zwiększenie odsetka mieszkańców polskich miast (w których liczba mieszkańców przekracza 20 tys.) objętych miejskimi planami adaptacji do zmian klimatu
PL,"Zwiększenie pojemności obiektów małej retencji wodnej do poziomu ok 844 836 dam3 (względem poziomu bazowego w 2016 r. wynoszącego 826 034,2 dam3)",Gospodarka wodna,dam3 ,AR 4,2022,859997,,,,859997.0,True,pojemność obiektów małej retencji wodnej
PL,"Zwiększenie pojemności obiektów małej retencji wodnej do poziomu ok 844 836 dam3 (względem poziomu bazowego w 2016 r. wynoszącego 826 034,2 dam3)",Gospodarka wodna,dam3 ,AR 4,2023,870987,,,,870987.0,True,pojemność obiektów małej retencji wodnej
PL,"Zwiększenie pojemności obiektów małej retencji wodnej do poziomu ok 844 836 dam3 (względem poziomu bazowego w 2016 r. wynoszącego 826 034,2 dam3)",Gospodarka wodna,dam3 ,AR 4,2030,875000,,,,875000.0,True,pojemność obiektów małej retencji wodnej
PL,"Zwiększenie pojemności obiektów małej retencji wodnej do poziomu ok 844 836 dam3 (względem poziomu bazowego w 2016 r. wynoszącego 826 034,2 dam3)",Gospodarka wodna,dam3 ,AR 4,2035,882000,,,,882000.0,True,pojemność obiektów małej retencji wodnej
PL,"Zwiększenie pojemności obiektów małej retencji wodnej do poziomu ok 844 836 dam3 (względem poziomu bazowego w 2016 r. wynoszącego 826 034,2 dam3)",Gospodarka wodna,dam3 ,AR 4,2040,890000,,,,890000.0,True,pojemność obiektów małej retencji wodnej
PL,"Postęp w kierunku zrównoważonej gospodarki leśnej, poprzez wzrost z 95,7% do 99% udziału powierzchni lasów, które mają zatwierdzoną dokumentację urządzeniową w stosunku do całkowitej powierzchni gruntów leśnych",LULUCF,%,AR 4,2022,98,,,,98.0,True,"udział powierzchni lasów, które mają zatwierdzoną dokumentację urządzeniową w stosunku do całkowitej powierzchni gruntów leśnych"
PL,"Postęp w kierunku zrównoważonej gospodarki leśnej, poprzez wzrost z 95,7% do 99% udziału powierzchni lasów, które mają zatwierdzoną dokumentację urządzeniową w stosunku do całkowitej powierzchni gruntów leśnych",LULUCF,%,AR 4,2023,NA,,,,,True,"udział powierzchni lasów, które mają zatwierdzoną dokumentację urządzeniową w stosunku do całkowitej powierzchni gruntów leśnych"
PL,"Postęp w kierunku zrównoważonej gospodarki leśnej, poprzez wzrost z 95,7% do 99% udziału powierzchni lasów, które mają zatwierdzoną dokumentację urządzeniową w stosunku do całkowitej powierzchni gruntów leśnych",LULUCF,%,AR 4,2030,NA,,,,,True,"udział powierzchni lasów, które mają zatwierdzoną dokumentację urządzeniową w stosunku do całkowitej powierzchni gruntów leśnych"
PL,"Postęp w kierunku zrównoważonej gospodarki leśnej, poprzez wzrost z 95,7% do 99% udziału powierzchni lasów, które mają zatwierdzoną dokumentację urządzeniową w stosunku do całkowitej powierzchni gruntów leśnych",LULUCF,%,AR 4,2035,99,,,,99.0,True,"udział powierzchni lasów, które mają zatwierdzoną dokumentację urządzeniową w stosunku do całkowitej powierzchni gruntów leśnych"
PL,"Postęp w kierunku zrównoważonej gospodarki leśnej, poprzez wzrost z 95,7% do 99% udziału powierzchni lasów, które mają zatwierdzoną dokumentację urządzeniową w stosunku do całkowitej powierzchni gruntów leśnych",LULUCF,%,AR 4,2040,NA,,,,,True,"udział powierzchni lasów, które mają zatwierdzoną dokumentację urządzeniową w stosunku do całkowitej powierzchni gruntów leśnych"
PL,"Objęcie 100% obszarów Natura 2000, dla których ustanowione zostały plany zadań ochronnych i plany ochrony",Ochrona przyrody,%,AR 4,2022,69,,,,69.0,True,brak danych
PL,"Objęcie 100% obszarów Natura 2000, dla których ustanowione zostały plany zadań ochronnych i plany ochrony",Ochrona przyrody,%,AR 4,2023,73,,,,73.0,True,brak danych
PL,"Objęcie 100% obszarów Natura 2000, dla których ustanowione zostały plany zadań ochronnych i plany ochrony",Ochrona przyrody,%,AR 4,2030,NA,,,,,True,brak danych
PL,"Objęcie 100% obszarów Natura 2000, dla których ustanowione zostały plany zadań ochronnych i plany ochrony",Ochrona przyrody,%,AR 4,2035,100,,,,100.0,True,brak danych
PL,"Objęcie 100% obszarów Natura 2000, dla których ustanowione zostały plany zadań ochronnych i plany ochrony",Ochrona przyrody,%,AR 4,2040,NA,,,,,True,brak danych
PL,Poziom przygotowania do ponownego użycia i recyklingu odpadów komunalnych 60% wagowo,Gospodarka odpadami,%,AR 4,2022,35,,,,35.0,True,poziom przygotowania do ponownego użycia i recyklingu odpadów komunalnych
PL,Poziom przygotowania do ponownego użycia i recyklingu odpadów komunalnych 60% wagowo,Gospodarka odpadami,%,AR 4,2023,45,,,,45.0,True,poziom przygotowania do ponownego użycia i recyklingu odpadów komunalnych
PL,Poziom przygotowania do ponownego użycia i recyklingu odpadów komunalnych 60% wagowo,Gospodarka odpadami,%,AR 4,2030,55,,,,55.0,True,poziom przygotowania do ponownego użycia i recyklingu odpadów komunalnych
PL,Poziom przygotowania do ponownego użycia i recyklingu odpadów komunalnych 60% wagowo,Gospodarka odpadami,%,AR 4,2035,60,,,,60.0,True,poziom przygotowania do ponownego użycia i recyklingu odpadów komunalnych
PL,Poziom przygotowania do ponownego użycia i recyklingu odpadów komunalnych 60% wagowo,Gospodarka odpadami,%,AR 4,2040,65,,,,65.0,True,poziom przygotowania do ponownego użycia i recyklingu odpadów komunalnych
PL,"Ograniczenie emisji antropogenicznych zanieczyszczeń do atmosfery: dwutlenku siarki (SO2), tlenków azotu (NOx), niemetanowych lotnych związków organicznych (NMLZO), amoniaku (NH3) i pyłu drobnego (PM2,5) do 2030 r",brak danych,brak danych,AR 4,2022,NA,,,,,False,brak danych
PL,"Ograniczenie emisji antropogenicznych zanieczyszczeń do atmosfery: dwutlenku siarki (SO2), tlenków azotu (NOx), niemetanowych lotnych związków organicznych (NMLZO), amoniaku (NH3) i pyłu drobnego (PM2,5) do 2030 r",brak danych,brak danych,AR 4,2023,NA,,,,,False,brak danych
PL,"Ograniczenie emisji antropogenicznych zanieczyszczeń do atmosfery: dwutlenku siarki (SO2), tlenków azotu (NOx), niemetanowych lotnych związków organicznych (NMLZO), amoniaku (NH3) i pyłu drobnego (PM2,5) do 2030 r",brak danych,brak danych,AR 4,2030,NA,,,,,False,brak danych
PL,"Ograniczenie emisji antropogenicznych zanieczyszczeń do atmosfery: dwutlenku siarki (SO2), tlenków azotu (NOx), niemetanowych lotnych związków organicznych (NMLZO), amoniaku (NH3) i pyłu drobnego (PM2,5) do 2030 r",brak danych,brak danych,AR 4,2035,NA,,,,,False,brak danych
PL,"Ograniczenie emisji antropogenicznych zanieczyszczeń do atmosfery: dwutlenku siarki (SO2), tlenków azotu (NOx), niemetanowych lotnych związków organicznych (NMLZO), amoniaku (NH3) i pyłu drobnego (PM2,5) do 2030 r",brak danych,brak danych,AR 4,2040,NA,,,,,False,brak danych
PL,Zmniejszenie udziału węgla kamiennego i brunatnego w produkcji energii elektrycznej do 56-60% w 2030 roku i dalszy trend spadkowy do 2040 r.,Elektroenergetyka,%,AR 4,2022,NA,70.35,,,,True,Udział węgla w wytwarzaniu energii
PL,Zmniejszenie udziału węgla kamiennego i brunatnego w produkcji energii elektrycznej do 56-60% w 2030 roku i dalszy trend spadkowy do 2040 r.,Elektroenergetyka,%,AR 4,2023,NA,60.51,,,,True,Udział węgla w wytwarzaniu energii
PL,Zmniejszenie udziału węgla kamiennego i brunatnego w produkcji energii elektrycznej do 56-60% w 2030 roku i dalszy trend spadkowy do 2040 r.,Elektroenergetyka,%,AR 4,2030,56,,69,56,56.0,True,Udział węgla w wytwarzaniu energii
PL,Zmniejszenie udziału węgla kamiennego i brunatnego w produkcji energii elektrycznej do 56-60% w 2030 roku i dalszy trend spadkowy do 2040 r.,Elektroenergetyka,%,AR 4,2035,NA,,49.7,38,,True,Udział węgla w wytwarzaniu energii
PL,Zmniejszenie udziału węgla kamiennego i brunatnego w produkcji energii elektrycznej do 56-60% w 2030 roku i dalszy trend spadkowy do 2040 r.,Elektroenergetyka,%,AR 4,2040,NA,,31.1,28,,True,Udział węgla w wytwarzaniu energii
PL,Sprawiedliwa transformacja energetyczna w kierunku niskoemisyjnym,brak danych,brak danych,AR 4,2022,NA,,,,,False,brak danych
PL,Sprawiedliwa transformacja energetyczna w kierunku niskoemisyjnym,brak danych,brak danych,AR 4,2023,NA,,,,,False,brak danych
PL,Sprawiedliwa transformacja energetyczna w kierunku niskoemisyjnym,brak danych,brak danych,AR 4,2030,NA,,,,,False,brak danych
PL,Sprawiedliwa transformacja energetyczna w kierunku niskoemisyjnym,brak danych,brak danych,AR 4,2035,NA,,,,,False,brak danych
PL,Sprawiedliwa transformacja energetyczna w kierunku niskoemisyjnym,brak danych,brak danych,AR 4,2040,NA,,,,,False,brak danych
DE,national overall GHG mitigation target according to Federal Climate Change Act; value based on annex 2 of the Act and adjusted according to section 4 subsection 2,all sectors excl. LULUCF,Mt CO2(eq),AR 4,2022,757,749,,,757.0,True,value based on annex 2 of the Act and adjusted according to section 4 subsection 2
DE,national overall GHG mitigation target according to Federal Climate Change Act; value based on annex 2 of the Act and adjusted according to section 4 subsection 2,all sectors excl. LULUCF,Mt CO2(eq),AR 4,2023,NA,672,,,,True,value based on annex 2 of the Act and adjusted according to section 4 subsection 2
DE,national overall GHG mitigation target according to Federal Climate Change Act; value based on annex 2 of the Act and adjusted according to section 4 subsection 2,all sectors excl. LULUCF,Mt CO2(eq),AR 4,2030,NA,,454.7,453.8,,True,value based on annex 2 of the Act and adjusted according to section 4 subsection 2
DE,national overall GHG mitigation target according to Federal Climate Change Act; value based on annex 2 of the Act and adjusted according to section 4 subsection 2,all sectors excl. LULUCF,Mt CO2(eq),AR 4,2035,NA,,309.1,296.3,,True,value based on annex 2 of the Act and adjusted according to section 4 subsection 2
DE,national overall GHG mitigation target according to Federal Climate Change Act; value based on annex 2 of the Act and adjusted according to section 4 subsection 2,all sectors excl. LULUCF,Mt CO2(eq),AR 4,2040,NA,,209.7,202.1,,True,value based on annex 2 of the Act and adjusted according to section 4 subsection 2
DE,"national indicative target according to the Federal Climate Change Act, based on annex 2a and adjusted according to section 5 subsection 5",energy,Mt CO2(eq),AR 4,2022,257,257,,,257.0,True,based on annex 2a and adjusted according to section 5 subsection 5
DE,"national indicative target according to the Federal Climate Change Act, based on annex 2a and adjusted according to section 5 subsection 5",energy,Mt CO2(eq),AR 4,2023,NA,203,,,,True,based on annex 2a and adjusted according to section 5 subsection 5
DE,"national indicative target according to the Federal Climate Change Act, based on annex 2a and adjusted according to section 5 subsection 5",energy,Mt CO2(eq),AR 4,2030,NA,,91.5,98.8,,True,based on annex 2a and adjusted according to section 5 subsection 5
DE,"national indicative target according to the Federal Climate Change Act, based on annex 2a and adjusted according to section 5 subsection 5",energy,Mt CO2(eq),AR 4,2035,NA,,60.3,56.8,,True,based on annex 2a and adjusted according to section 5 subsection 5
DE,"national indicative target according to the Federal Climate Change Act, based on annex 2a and adjusted according to section 5 subsection 5",energy,Mt CO2(eq),AR 4,2040,NA,,38,36.9,,True,based on annex 2a and adjusted according to section 5 subsection 5
DE,"national indicative target according to the Federal Climate Change Act, based on annex 2a and adjusted according to section 5 subsection 5",industry,Mt CO2(eq),AR 4,2022,177,164,,,177.0,True,based on annex 2a and adjusted according to section 5 subsection 5
DE,"national indicative target according to the Federal Climate Change Act, based on annex 2a and adjusted according to section 5 subsection 5",industry,Mt CO2(eq),AR 4,2023,173,153,,,173.0,True,based on annex 2a and adjusted according to section 5 subsection 5
DE,"national indicative target according to the Federal Climate Change Act, based on annex 2a and adjusted according to section 5 subsection 5",industry,Mt CO2(eq),AR 4,2030,NA,,122.4,117.4,,True,based on annex 2a and adjusted according to section 5 subsection 5
DE,"national indicative target according to the Federal Climate Change Act, based on annex 2a and adjusted according to section 5 subsection 5",industry,Mt CO2(eq),AR 4,2035,NA,,81.9,78.2,,True,based on annex 2a and adjusted according to section 5 subsection 5
DE,"national indicative target according to the Federal Climate Change Act, based on annex 2a and adjusted according to section 5 subsection 5",industry,Mt CO2(eq),AR 4,2040,NA,,59.6,57.7,,True,based on annex 2a and adjusted according to section 5 subsection 5
DE,"national indicative target according to the Federal Climate Change Act, based on annex 2a and adjusted according to section 5 subsection 5",buildings,Mt CO2(eq),AR 4,2022,107,111,,,107.0,True,based on annex 2a and adjusted according to section 5 subsection 5
DE,"national indicative target according to the Federal Climate Change Act, based on annex 2a and adjusted according to section 5 subsection 5",buildings,Mt CO2(eq),AR 4,2023,101,103,,,101.0,True,based on annex 2a and adjusted according to section 5 subsection 5
DE,"national indicative target according to the Federal Climate Change Act, based on annex 2a and adjusted according to section 5 subsection 5",buildings,Mt CO2(eq),AR 4,2030,NA,,67.9,66.2,,True,based on annex 2a and adjusted according to section 5 subsection 5
DE,"national indicative target according to the Federal Climate Change Act, based on annex 2a and adjusted according to section 5 subsection 5",buildings,Mt CO2(eq),AR 4,2035,NA,,40.2,36.7,,True,based on annex 2a and adjusted according to section 5 subsection 5
DE,"national indicative target according to the Federal Climate Change Act, based on annex 2a and adjusted according to section 5 subsection 5",buildings,Mt CO2(eq),AR 4,2040,NA,,21.6,19.2,,True,based on annex 2a and adjusted according to section 5 subsection 5
DE,"national indicative target according to the Federal Climate Change Act, based on annex 2a and adjusted according to section 5 subsection 5",transport,Mt CO2(eq),AR 4,2022,139,148,,,139.0,True,based on annex 2a and adjusted according to section 5 subsection 5
DE,"national indicative target according to the Federal Climate Change Act, based on annex 2a and adjusted according to section 5 subsection 5",transport,Mt CO2(eq),AR 4,2023,133,145,,,133.0,True,based on annex 2a and adjusted according to section 5 subsection 5
DE,"national indicative target according to the Federal Climate Change Act, based on annex 2a and adjusted according to section 5 subsection 5",transport,Mt CO2(eq),AR 4,2030,NA,,111.1,110.4,,True,based on annex 2a and adjusted according to section 5 subsection 5
DE,"national indicative target according to the Federal Climate Change Act, based on annex 2a and adjusted according to section 5 subsection 5",transport,Mt CO2(eq),AR 4,2035,NA,,67.3,66.2,,True,based on annex 2a and adjusted according to section 5 subsection 5
DE,"national indicative target according to the Federal Climate Change Act, based on annex 2a and adjusted according to section 5 subsection 5",transport,Mt CO2(eq),AR 4,2040,NA,,32.6,31.8,,True,based on annex 2a and adjusted according to section 5 subsection 5
DE,"national indicative target according to the Federal Climate Change Act, based on annex 2a and adjusted according to section 5 subsection 5",agriculture,Mt CO2(eq),AR 4,2022,68,5,,,68.0,True,based on annex 2a and adjusted according to section 5 subsection 5
DE,"national indicative target according to the Federal Climate Change Act, based on annex 2a and adjusted according to section 5 subsection 5",agriculture,Mt CO2(eq),AR 4,2023,67,5,,,67.0,True,based on annex 2a and adjusted according to section 5 subsection 5
DE,"national indicative target according to the Federal Climate Change Act, based on annex 2a and adjusted according to section 5 subsection 5",agriculture,Mt CO2(eq),AR 4,2030,NA,,4.2,4.2,,True,based on annex 2a and adjusted according to section 5 subsection 5
DE,"national indicative target according to the Federal Climate Change Act, based on annex 2a and adjusted according to section 5 subsection 5",agriculture,Mt CO2(eq),AR 4,2035,NA,,3.8,3.8,,True,based on annex 2a and adjusted according to section 5 subsection 5
DE,"national indicative target according to the Federal Climate Change Act, based on annex 2a and adjusted according to section 5 subsection 5",agriculture,Mt CO2(eq),AR 4,2040,NA,,3.5,3.5,,True,based on annex 2a and adjusted according to section 5 subsection 5
DE,"national indicative target according to the Federal Climate Change Act, based on annex 2a and adjusted according to section 5 subsection 5","waste, others",Mt CO2(eq),AR 4,2022,9,,,,9.0,True,based on annex 2a and adjusted according to section 5 subsection 5
DE,"national indicative target according to the Federal Climate Change Act, based on annex 2a and adjusted according to section 5 subsection 5","waste, others",Mt CO2(eq),AR 4,2023,9,,,,9.0,True,based on annex 2a and adjusted according to section 5 subsection 5
DE,"national indicative target according to the Federal Climate Change Act, based on annex 2a and adjusted according to section 5 subsection 5","waste, others",Mt CO2(eq),AR 4,2030,NA,,,,,True,based on annex 2a and adjusted according to section 5 subsection 5
DE,"national indicative target according to the Federal Climate Change Act, based on annex 2a and adjusted according to section 5 subsection 5","waste, others",Mt CO2(eq),AR 4,2035,NA,,,,,True,based on annex 2a and adjusted according to section 5 subsection 5
DE,"national indicative target according to the Federal Climate Change Act, based on annex 2a and adjusted according to section 5 subsection 5","waste, others",Mt CO2(eq),AR 4,2040,NA,,,,,True,based on annex 2a and adjusted according to section 5 subsection 5
HU,"Hungary aims to reduce its gross GHG emissions by at least 50% - to 47.5 million tonnes of CO2e - by 2030, compared to 1990",All,ktCO2eq,AR 5,2022,59520.2,,,,59520.2,True,"Hungary's greenhouse gas emission reduction targets are in line with EU and international commitments. Hungary has set a goal of achieving climate neutrality by 2050, which it has confirmed in Act XLIV of 2020 on Climate Protection. The alternative pathways to achieving climate neutrality in 2020 are set out in the National Clean Development Strategy (NTFS).  In order to achieve climate neutrality, Hungary aims to reduce its gross GHG emissions by at least 50% to 47.5 million t CO2e by 2030 compared to 1990, following the projected progress, and to achieve this, an additional 16.7 million t CO2e reduction compared to 2021 is needed."
HU,"Hungary aims to reduce its gross GHG emissions by at least 50% - to 47.5 million tonnes of CO2e - by 2030, compared to 1990",All,ktCO2eq,AR 5,2023,54312.6,,,,54312.6,True,"Hungary's greenhouse gas emission reduction targets are in line with EU and international commitments. Hungary has set a goal of achieving climate neutrality by 2050, which it has confirmed in Act XLIV of 2020 on Climate Protection. The alternative pathways to achieving climate neutrality in 2020 are set out in the National Clean Development Strategy (NTFS).  In order to achieve climate neutrality, Hungary aims to reduce its gross GHG emissions by at least 50% to 47.5 million t CO2e by 2030 compared to 1990, following the projected progress, and to achieve this, an additional 16.7 million t CO2e reduction compared to 2021 is needed."
HU,"Hungary aims to reduce its gross GHG emissions by at least 50% - to 47.5 million tonnes of CO2e - by 2030, compared to 1990",All,ktCO2eq,AR 5,2030,53730.8,,,,53730.8,True,"Hungary's greenhouse gas emission reduction targets are in line with EU and international commitments. Hungary has set a goal of achieving climate neutrality by 2050, which it has confirmed in Act XLIV of 2020 on Climate Protection. The alternative pathways to achieving climate neutrality in 2020 are set out in the National Clean Development Strategy (NTFS).  In order to achieve climate neutrality, Hungary aims to reduce its gross GHG emissions by at least 50% to 47.5 million t CO2e by 2030 compared to 1990, following the projected progress, and to achieve this, an additional 16.7 million t CO2e reduction compared to 2021 is needed."
HU,"Hungary aims to reduce its gross GHG emissions by at least 50% - to 47.5 million tonnes of CO2e - by 2030, compared to 1990",All,ktCO2eq,AR 5,2035,47745.2,,,,47745.2,True,"Hungary's greenhouse gas emission reduction targets are in line with EU and international commitments. Hungary has set a goal of achieving climate neutrality by 2050, which it has confirmed in Act XLIV of 2020 on Climate Protection. The alternative pathways to achieving climate neutrality in 2020 are set out in the National Clean Development Strategy (NTFS).  In order to achieve climate neutrality, Hungary aims to reduce its gross GHG emissions by at least 50% to 47.5 million t CO2e by 2030 compared to 1990, following the projected progress, and to achieve this, an additional 16.7 million t CO2e reduction compared to 2021 is needed."
HU,"Hungary aims to reduce its gross GHG emissions by at least 50% - to 47.5 million tonnes of CO2e - by 2030, compared to 1990",All,ktCO2eq,AR 5,2040,42688.9,,,,42688.9,True,"Hungary's greenhouse gas emission reduction targets are in line with EU and international commitments. Hungary has set a goal of achieving climate neutrality by 2050, which it has confirmed in Act XLIV of 2020 on Climate Protection. The alternative pathways to achieving climate neutrality in 2020 are set out in the National Clean Development Strategy (NTFS).  In order to achieve climate neutrality, Hungary aims to reduce its gross GHG emissions by at least 50% to 47.5 million t CO2e by 2030 compared to 1990, following the projected progress, and to achieve this, an additional 16.7 million t CO2e reduction compared to 2021 is needed."
HU,"Under the ESR, Hungary is required to achieve a reduction of 18.7% compared to the 2005 base year for GHG emissions from the ESR sector, i.e. domestic transport (excluding aviation), buildings, agriculture, ""small industry"" and waste management combined.","Domestic transport (excluding aviation), buildings, agriculture, ""small industry"" and waste management",ktCO2eq,AR 5,2022,433424,,,,433424.0,True,"Within the EU and national targets set, the Effort Sharing Regulation (ESR) sets national emission reduction targets in the so-called ESR sector (for non-ETS emissions), in proportion to GDP per capita. Hungary is required to achieve GHG emission reductions of at least 18.7% by 2030 compared to the base year 2005 for the ESR sector - domestic transport (excluding aviation), buildings, agriculture, ""small industry"" and waste management. This means reducing emissions from 47.2 million tonnes CO2e to 38.3 million tonnes CO2e, following a linear reduction path in line with the Regulation."
HU,"Under the ESR, Hungary is required to achieve a reduction of 18.7% compared to the 2005 base year for GHG emissions from the ESR sector, i.e. domestic transport (excluding aviation), buildings, agriculture, ""small industry"" and waste management combined.","Domestic transport (excluding aviation), buildings, agriculture, ""small industry"" and waste management",ktCO2eq,AR 5,2023,42785,,,,42785.0,True,"Within the EU and national targets set, the Effort Sharing Regulation (ESR) sets national emission reduction targets in the so-called ESR sector (for non-ETS emissions), in proportion to GDP per capita. Hungary is required to achieve GHG emission reductions of at least 18.7% by 2030 compared to the base year 2005 for the ESR sector - domestic transport (excluding aviation), buildings, agriculture, ""small industry"" and waste management. This means reducing emissions from 47.2 million tonnes CO2e to 38.3 million tonnes CO2e, following a linear reduction path in line with the Regulation."
HU,"Under the ESR, Hungary is required to achieve a reduction of 18.7% compared to the 2005 base year for GHG emissions from the ESR sector, i.e. domestic transport (excluding aviation), buildings, agriculture, ""small industry"" and waste management combined.","Domestic transport (excluding aviation), buildings, agriculture, ""small industry"" and waste management",ktCO2eq,AR 5,2030,40544.7,,,,40544.7,True,"Within the EU and national targets set, the Effort Sharing Regulation (ESR) sets national emission reduction targets in the so-called ESR sector (for non-ETS emissions), in proportion to GDP per capita. Hungary is required to achieve GHG emission reductions of at least 18.7% by 2030 compared to the base year 2005 for the ESR sector - domestic transport (excluding aviation), buildings, agriculture, ""small industry"" and waste management. This means reducing emissions from 47.2 million tonnes CO2e to 38.3 million tonnes CO2e, following a linear reduction path in line with the Regulation."
HU,"Under the ESR, Hungary is required to achieve a reduction of 18.7% compared to the 2005 base year for GHG emissions from the ESR sector, i.e. domestic transport (excluding aviation), buildings, agriculture, ""small industry"" and waste management combined.","Domestic transport (excluding aviation), buildings, agriculture, ""small industry"" and waste management",ktCO2eq,AR 5,2035,36043.1,,,,36043.1,True,"Within the EU and national targets set, the Effort Sharing Regulation (ESR) sets national emission reduction targets in the so-called ESR sector (for non-ETS emissions), in proportion to GDP per capita. Hungary is required to achieve GHG emission reductions of at least 18.7% by 2030 compared to the base year 2005 for the ESR sector - domestic transport (excluding aviation), buildings, agriculture, ""small industry"" and waste management. This means reducing emissions from 47.2 million tonnes CO2e to 38.3 million tonnes CO2e, following a linear reduction path in line with the Regulation."
HU,"Under the ESR, Hungary is required to achieve a reduction of 18.7% compared to the 2005 base year for GHG emissions from the ESR sector, i.e. domestic transport (excluding aviation), buildings, agriculture, ""small industry"" and waste management combined.","Domestic transport (excluding aviation), buildings, agriculture, ""small industry"" and waste management",ktCO2eq,AR 5,2040,31229.3,,,,31229.3,True,"Within the EU and national targets set, the Effort Sharing Regulation (ESR) sets national emission reduction targets in the so-called ESR sector (for non-ETS emissions), in proportion to GDP per capita. Hungary is required to achieve GHG emission reductions of at least 18.7% by 2030 compared to the base year 2005 for the ESR sector - domestic transport (excluding aviation), buildings, agriculture, ""small industry"" and waste management. This means reducing emissions from 47.2 million tonnes CO2e to 38.3 million tonnes CO2e, following a linear reduction path in line with the Regulation."
HU,Continuous reduction of the GHG intensity of GDP,All,ktCO2eq/GDP volume (1960=100%),AR 5,2022,110.498,,,,110.498,True,"Since 2010, the GHG intensity of the Hungarian economy - the GHG emissions per unit of GDP - has improved by 28.8%, indicating that climate action is not a barrier to economic growth and could even strengthen it. Hungary intends to maintain this trend."
HU,Continuous reduction of the GHG intensity of GDP,All,ktCO2eq/GDP volume (1960=100%),AR 5,2023,101.781,,,,101.781,True,"Since 2010, the GHG intensity of the Hungarian economy - the GHG emissions per unit of GDP - has improved by 28.8%, indicating that climate action is not a barrier to economic growth and could even strengthen it. Hungary intends to maintain this trend."
HU,Continuous reduction of the GHG intensity of GDP,All,ktCO2eq/GDP volume (1960=100%),AR 5,2030,NA,,,487,,True,"Since 2010, the GHG intensity of the Hungarian economy - the GHG emissions per unit of GDP - has improved by 28.8%, indicating that climate action is not a barrier to economic growth and could even strengthen it. Hungary intends to maintain this trend."
HU,Continuous reduction of the GHG intensity of GDP,All,ktCO2eq/GDP volume (1960=100%),AR 5,2035,NA,,,393,,True,"Since 2010, the GHG intensity of the Hungarian economy - the GHG emissions per unit of GDP - has improved by 28.8%, indicating that climate action is not a barrier to economic growth and could even strengthen it. Hungary intends to maintain this trend."
HU,Continuous reduction of the GHG intensity of GDP,All,ktCO2eq/GDP volume (1960=100%),AR 5,2040,NA,,,331,,True,"Since 2010, the GHG intensity of the Hungarian economy - the GHG emissions per unit of GDP - has improved by 28.8%, indicating that climate action is not a barrier to economic growth and could even strengthen it. Hungary intends to maintain this trend."
LT,Transport sector target in non-ETS,Transport (non-ETS),kt CO2 eq.,AR 5,2022,5798,,,,5798.0,True,-14 % sectorial target compared to 2005 (%). Targets had been approved in National climate change management agenda on 2021.
LT,Transport sector target in non-ETS,Transport (non-ETS),kt CO2 eq.,AR 5,2023,5535,,,,5535.0,True,-14 % sectorial target compared to 2005 (%). Targets had been approved in National climate change management agenda on 2021.
LT,Transport sector target in non-ETS,Transport (non-ETS),kt CO2 eq.,AR 5,2030,3693,,,,3693.0,True,-14 % sectorial target compared to 2005 (%). Targets had been approved in National climate change management agenda on 2021.
LT,Transport sector target in non-ETS,Transport (non-ETS),kt CO2 eq.,AR 5,2035,NA,,,,,True,-14 % sectorial target compared to 2005 (%). Targets had been approved in National climate change management agenda on 2021.
LT,Transport sector target in non-ETS,Transport (non-ETS),kt CO2 eq.,AR 5,2040,NA,,,,,True,-14 % sectorial target compared to 2005 (%). Targets had been approved in National climate change management agenda on 2021.
LT,Agriculture sector target in non-ETS,Agriculture  (non-ETS),kt CO2 eq.,AR 5,2022,4212,,,,4212.0,True,-11 % sectorial target compared to 2005 (%). Targets had been approved in National climate change management agenda on 2021.
LT,Agriculture sector target in non-ETS,Agriculture  (non-ETS),kt CO2 eq.,AR 5,2023,4148,,,,4148.0,True,-11 % sectorial target compared to 2005 (%). Targets had been approved in National climate change management agenda on 2021.
LT,Agriculture sector target in non-ETS,Agriculture  (non-ETS),kt CO2 eq.,AR 5,2030,3703,,,,3703.0,True,-11 % sectorial target compared to 2005 (%). Targets had been approved in National climate change management agenda on 2021.
LT,Agriculture sector target in non-ETS,Agriculture  (non-ETS),kt CO2 eq.,AR 5,2035,NA,,,,,True,-11 % sectorial target compared to 2005 (%). Targets had been approved in National climate change management agenda on 2021.
LT,Agriculture sector target in non-ETS,Agriculture  (non-ETS),kt CO2 eq.,AR 5,2040,NA,,,,,True,-11 % sectorial target compared to 2005 (%). Targets had been approved in National climate change management agenda on 2021.
LT,Industry (including industrial combustion) emission target in non-ETS,Industry (including industrial combustion)  (non-ETS),kt CO2 eq.,AR 5,2022,758,,,,758.0,True,-19 % sectorial target compared to 2005 (%). Targets had been approved in National climate change management agenda on 2021.
LT,Industry (including industrial combustion) emission target in non-ETS,Industry (including industrial combustion)  (non-ETS),kt CO2 eq.,AR 5,2023,754,,,,754.0,True,-19 % sectorial target compared to 2005 (%). Targets had been approved in National climate change management agenda on 2021.
LT,Industry (including industrial combustion) emission target in non-ETS,Industry (including industrial combustion)  (non-ETS),kt CO2 eq.,AR 5,2030,729,,,,729.0,True,-19 % sectorial target compared to 2005 (%). Targets had been approved in National climate change management agenda on 2021.
LT,Industry (including industrial combustion) emission target in non-ETS,Industry (including industrial combustion)  (non-ETS),kt CO2 eq.,AR 5,2035,NA,,,,,True,-19 % sectorial target compared to 2005 (%). Targets had been approved in National climate change management agenda on 2021.
LT,Industry (including industrial combustion) emission target in non-ETS,Industry (including industrial combustion)  (non-ETS),kt CO2 eq.,AR 5,2040,NA,,,,,True,-19 % sectorial target compared to 2005 (%). Targets had been approved in National climate change management agenda on 2021.
LT,Small scale energy emission target in non-ETS,Small scale energy  (non-ETS),kt CO2 eq.,AR 5,2022,2107,,,,2107.0,True,-26% sectorial target compared to 2005 (%). Targets had been approved in National climate change management agenda on 2021.
LT,Small scale energy emission target in non-ETS,Small scale energy  (non-ETS),kt CO2 eq.,AR 5,2023,2052,,,,2052.0,True,-26% sectorial target compared to 2005 (%). Targets had been approved in National climate change management agenda on 2021.
LT,Small scale energy emission target in non-ETS,Small scale energy  (non-ETS),kt CO2 eq.,AR 5,2030,1669,,,,1669.0,True,-26% sectorial target compared to 2005 (%). Targets had been approved in National climate change management agenda on 2021.
LT,Small scale energy emission target in non-ETS,Small scale energy  (non-ETS),kt CO2 eq.,AR 5,2035,NA,,,,,True,-26% sectorial target compared to 2005 (%). Targets had been approved in National climate change management agenda on 2021.
LT,Small scale energy emission target in non-ETS,Small scale energy  (non-ETS),kt CO2 eq.,AR 5,2040,NA,,,,,True,-26% sectorial target compared to 2005 (%). Targets had been approved in National climate change management agenda on 2021.
LT,Waste management emission target in non-ETS,Waste management  (non-ETS),kt CO2 eq.,AR 5,2022,843,707,,,843.0,True,-65 % sectorial target compared to 2005 (%). Targets had been approved in National climate change management agenda on 2021.
LT,Waste management emission target in non-ETS,Waste management  (non-ETS),kt CO2 eq.,AR 5,2023,803,712,,,803.0,True,-65 % sectorial target compared to 2005 (%). Targets had been approved in National climate change management agenda on 2021.
LT,Waste management emission target in non-ETS,Waste management  (non-ETS),kt CO2 eq.,AR 5,2030,524,,498,3839,524.0,True,-65 % sectorial target compared to 2005 (%). Targets had been approved in National climate change management agenda on 2021.
LT,Waste management emission target in non-ETS,Waste management  (non-ETS),kt CO2 eq.,AR 5,2035,NA,,405,2940,,True,-65 % sectorial target compared to 2005 (%). Targets had been approved in National climate change management agenda on 2021.
LT,Waste management emission target in non-ETS,Waste management  (non-ETS),kt CO2 eq.,AR 5,2040,NA,,342,2563,,True,-65 % sectorial target compared to 2005 (%). Targets had been approved in National climate change management agenda on 2021.
HR,ESR,Non-ETS sector,ktCO2eq,AR 5,2022,16544.5,18042.1,,,16544.5,True,"The Republic of Croatia has set target for reducing greenhouse gas emissions by 2030: at least 16.7% compared to the 2005 level for non-ETS sectors. For the years X-3, X-2, the annual emission allocation is listed (in accordance with Commission Implementing Decision (EU) 2023/1319)"
HR,ESR,Non-ETS sector,ktCO2eq,AR 5,2023,16357.4,18821.7,,,16357.4,True,"The Republic of Croatia has set target for reducing greenhouse gas emissions by 2030: at least 16.7% compared to the 2005 level for non-ETS sectors. For the years X-3, X-2, the annual emission allocation is listed (in accordance with Commission Implementing Decision (EU) 2023/1319)"
HR,ESR,Non-ETS sector,ktCO2eq,AR 5,2030,15040.9,,16571.1,14212.2,15040.9,True,"The Republic of Croatia has set target for reducing greenhouse gas emissions by 2030: at least 16.7% compared to the 2005 level for non-ETS sectors. For the years X-3, X-2, the annual emission allocation is listed (in accordance with Commission Implementing Decision (EU) 2023/1319)"
HR,ESR,Non-ETS sector,ktCO2eq,AR 5,2035,NA,,15495.8,11741.7,,True,"The Republic of Croatia has set target for reducing greenhouse gas emissions by 2030: at least 16.7% compared to the 2005 level for non-ETS sectors. For the years X-3, X-2, the annual emission allocation is listed (in accordance with Commission Implementing Decision (EU) 2023/1319)"
HR,ESR,Non-ETS sector,ktCO2eq,AR 5,2040,NA,,14428.3,9004.61,,True,"The Republic of Croatia has set target for reducing greenhouse gas emissions by 2030: at least 16.7% compared to the 2005 level for non-ETS sectors. For the years X-3, X-2, the annual emission allocation is listed (in accordance with Commission Implementing Decision (EU) 2023/1319)"
HR,ETS,ETS sector,ktCO2eq,AR 5,2022,NA,6455.4,,,,True,The Republic of Croatia has set target for reducing greenhouse gas emissions by 2030: at least 62% compared to the 2005 level in the ETS sector.
HR,ETS,ETS sector,ktCO2eq,AR 5,2023,NA,6567.05,,,,True,The Republic of Croatia has set target for reducing greenhouse gas emissions by 2030: at least 62% compared to the 2005 level in the ETS sector.
HR,ETS,ETS sector,ktCO2eq,AR 5,2030,6861.4,,6803.06,4598.13,6861.4,True,The Republic of Croatia has set target for reducing greenhouse gas emissions by 2030: at least 62% compared to the 2005 level in the ETS sector.
HR,ETS,ETS sector,ktCO2eq,AR 5,2035,NA,,6124.23,3676.95,,True,The Republic of Croatia has set target for reducing greenhouse gas emissions by 2030: at least 62% compared to the 2005 level in the ETS sector.
HR,ETS,ETS sector,ktCO2eq,AR 5,2040,NA,,5445.36,2042.15,,True,The Republic of Croatia has set target for reducing greenhouse gas emissions by 2030: at least 62% compared to the 2005 level in the ETS sector.
HR,Target of net greenhouse gas removals in 2030,LULUCF,ktCO2eq,AR 5,2022,NA,-4866.52,,,,True,"The Republic of Croatia has set target according Regulation (EU) 2018/839, Annex IIa"
HR,Target of net greenhouse gas removals in 2030,LULUCF,ktCO2eq,AR 5,2023,NA,-5525.74,,,,True,"The Republic of Croatia has set target according Regulation (EU) 2018/839, Annex IIa"
HR,Target of net greenhouse gas removals in 2030,LULUCF,ktCO2eq,AR 5,2030,-5527,,-3957.87,-3957.87,-5527.0,True,"The Republic of Croatia has set target according Regulation (EU) 2018/839, Annex IIa"
HR,Target of net greenhouse gas removals in 2030,LULUCF,ktCO2eq,AR 5,2035,NA,,-3940.98,-3940.98,,True,"The Republic of Croatia has set target according Regulation (EU) 2018/839, Annex IIa"
HR,Target of net greenhouse gas removals in 2030,LULUCF,ktCO2eq,AR 5,2040,NA,,-4247.18,-4247.18,,True,"The Republic of Croatia has set target according Regulation (EU) 2018/839, Annex IIa"
FR,2030 target,all,MtCO2e,AR 5,2022,NA,396,,,,True,France has set the objective of reducing its GHG emissions by at least 50% in 2030 compared with 1990 (i.e. reaching a target of around 270 MtCO2 eq) (compared with -40% until now).
FR,2030 target,all,MtCO2e,AR 5,2023,NA,373,,,,True,France has set the objective of reducing its GHG emissions by at least 50% in 2030 compared with 1990 (i.e. reaching a target of around 270 MtCO2 eq) (compared with -40% until now).
FR,2030 target,all,MtCO2e,AR 5,2030,270,,326,275,270.0,True,France has set the objective of reducing its GHG emissions by at least 50% in 2030 compared with 1990 (i.e. reaching a target of around 270 MtCO2 eq) (compared with -40% until now).
FR,2030 target,all,MtCO2e,AR 5,2035,NA,,NA,NA,,True,France has set the objective of reducing its GHG emissions by at least 50% in 2030 compared with 1990 (i.e. reaching a target of around 270 MtCO2 eq) (compared with -40% until now).
FR,2030 target,all,MtCO2e,AR 5,2040,NA,,NA,NA,,True,France has set the objective of reducing its GHG emissions by at least 50% in 2030 compared with 1990 (i.e. reaching a target of around 270 MtCO2 eq) (compared with -40% until now).
FR,Carbon budget,All,MtCO2eq,AR 5,2022,NA,396,,,,True,"Greenhouse gas emission ceilings (wihtout LULUCF) not to be exceeded at the national level over five-year periods on the basis of a forward-looking trajectory to 2050. They are defined in the National Low-Carbon Strategy (SNBC) implemented via the law of 17 August 2015, which is currently under revision. The two budgets provide mean annual emissions over the periods 2024-2028 and 2029-2033 to be respected. The values presented here are the provisory new carbon budgets presented in the 2024 NECP, that should formally adopted in 2025 with the SNBC 3. The value provided for t refers to the budget carbon 2024-2028 and the value provided for T+5 refers to the budget carbon 2029-2033."
FR,Carbon budget,All,MtCO2eq,AR 5,2023,NA,373,,,,True,"Greenhouse gas emission ceilings (wihtout LULUCF) not to be exceeded at the national level over five-year periods on the basis of a forward-looking trajectory to 2050. They are defined in the National Low-Carbon Strategy (SNBC) implemented via the law of 17 August 2015, which is currently under revision. The two budgets provide mean annual emissions over the periods 2024-2028 and 2029-2033 to be respected. The values presented here are the provisory new carbon budgets presented in the 2024 NECP, that should formally adopted in 2025 with the SNBC 3. The value provided for t refers to the budget carbon 2024-2028 and the value provided for T+5 refers to the budget carbon 2029-2033."
FR,Carbon budget,All,MtCO2eq,AR 5,2030,335,,358,335,335.0,True,"Greenhouse gas emission ceilings (wihtout LULUCF) not to be exceeded at the national level over five-year periods on the basis of a forward-looking trajectory to 2050. They are defined in the National Low-Carbon Strategy (SNBC) implemented via the law of 17 August 2015, which is currently under revision. The two budgets provide mean annual emissions over the periods 2024-2028 and 2029-2033 to be respected. The values presented here are the provisory new carbon budgets presented in the 2024 NECP, that should formally adopted in 2025 with the SNBC 3. The value provided for t refers to the budget carbon 2024-2028 and the value provided for T+5 refers to the budget carbon 2029-2033."
FR,Carbon budget,All,MtCO2eq,AR 5,2035,256,,320,256,256.0,True,"Greenhouse gas emission ceilings (wihtout LULUCF) not to be exceeded at the national level over five-year periods on the basis of a forward-looking trajectory to 2050. They are defined in the National Low-Carbon Strategy (SNBC) implemented via the law of 17 August 2015, which is currently under revision. The two budgets provide mean annual emissions over the periods 2024-2028 and 2029-2033 to be respected. The values presented here are the provisory new carbon budgets presented in the 2024 NECP, that should formally adopted in 2025 with the SNBC 3. The value provided for t refers to the budget carbon 2024-2028 and the value provided for T+5 refers to the budget carbon 2029-2033."
FR,Carbon budget,All,MtCO2eq,AR 5,2040,NA,,NA,NA,,True,"Greenhouse gas emission ceilings (wihtout LULUCF) not to be exceeded at the national level over five-year periods on the basis of a forward-looking trajectory to 2050. They are defined in the National Low-Carbon Strategy (SNBC) implemented via the law of 17 August 2015, which is currently under revision. The two budgets provide mean annual emissions over the periods 2024-2028 and 2029-2033 to be respected. The values presented here are the provisory new carbon budgets presented in the 2024 NECP, that should formally adopted in 2025 with the SNBC 3. The value provided for t refers to the budget carbon 2024-2028 and the value provided for T+5 refers to the budget carbon 2029-2033."
PT,Sectoral greenhouse gas (GHG) emission reduction target,Services (CRF 1A4a),%,AR 5,2022,NA,-0.681,,,,True,"Sectoral greenhouse gas (GHG) emission reduction target for the services sector, compared to 2005 reference levels: 
2020 → -65%
2030 → -70%"
PT,Sectoral greenhouse gas (GHG) emission reduction target,Services (CRF 1A4a),%,AR 5,2023,NA,-0.674,,,,True,"Sectoral greenhouse gas (GHG) emission reduction target for the services sector, compared to 2005 reference levels: 
2020 → -65%
2030 → -70%"
PT,Sectoral greenhouse gas (GHG) emission reduction target,Services (CRF 1A4a),%,AR 5,2030,-0.7,,,,-0.7,True,"Sectoral greenhouse gas (GHG) emission reduction target for the services sector, compared to 2005 reference levels: 
2020 → -65%
2030 → -70%"
PT,Sectoral greenhouse gas (GHG) emission reduction target,Services (CRF 1A4a),%,AR 5,2035,NA,,,,,True,"Sectoral greenhouse gas (GHG) emission reduction target for the services sector, compared to 2005 reference levels: 
2020 → -65%
2030 → -70%"
PT,Sectoral greenhouse gas (GHG) emission reduction target,Services (CRF 1A4a),%,AR 5,2040,NA,,,,,True,"Sectoral greenhouse gas (GHG) emission reduction target for the services sector, compared to 2005 reference levels: 
2020 → -65%
2030 → -70%"
PT,Sectoral greenhouse gas (GHG) emission reduction target,Residential (CRF 1A4b),%,AR 5,2022,NA,-0.199,,,,True,"Sectoral GHG emission reduction target for the residential sector, compared to 2005 reference levels:
2020 → -14%
2030 → -35%"
PT,Sectoral greenhouse gas (GHG) emission reduction target,Residential (CRF 1A4b),%,AR 5,2023,NA,-0.262,,,,True,"Sectoral GHG emission reduction target for the residential sector, compared to 2005 reference levels:
2020 → -14%
2030 → -35%"
PT,Sectoral greenhouse gas (GHG) emission reduction target,Residential (CRF 1A4b),%,AR 5,2030,-0.35,,,,-0.35,True,"Sectoral GHG emission reduction target for the residential sector, compared to 2005 reference levels:
2020 → -14%
2030 → -35%"
PT,Sectoral greenhouse gas (GHG) emission reduction target,Residential (CRF 1A4b),%,AR 5,2035,NA,,,,,True,"Sectoral GHG emission reduction target for the residential sector, compared to 2005 reference levels:
2020 → -14%
2030 → -35%"
PT,Sectoral greenhouse gas (GHG) emission reduction target,Residential (CRF 1A4b),%,AR 5,2040,NA,,,,,True,"Sectoral GHG emission reduction target for the residential sector, compared to 2005 reference levels:
2020 → -14%
2030 → -35%"
PT,Sectoral greenhouse gas (GHG) emission reduction target,Transports (CRF 1A3),%,AR 5,2022,NA,-0.256,,,,True,"Sectoral GHG emission reduction target for the transport sector, compared to 2005 reference levels:
2020 → -14%
2030 → -40%"
PT,Sectoral greenhouse gas (GHG) emission reduction target,Transports (CRF 1A3),%,AR 5,2023,NA,-0.202,,,,True,"Sectoral GHG emission reduction target for the transport sector, compared to 2005 reference levels:
2020 → -14%
2030 → -40%"
PT,Sectoral greenhouse gas (GHG) emission reduction target,Transports (CRF 1A3),%,AR 5,2030,-0.4,,,,-0.4,True,"Sectoral GHG emission reduction target for the transport sector, compared to 2005 reference levels:
2020 → -14%
2030 → -40%"
PT,Sectoral greenhouse gas (GHG) emission reduction target,Transports (CRF 1A3),%,AR 5,2035,NA,,,,,True,"Sectoral GHG emission reduction target for the transport sector, compared to 2005 reference levels:
2020 → -14%
2030 → -40%"
PT,Sectoral greenhouse gas (GHG) emission reduction target,Transports (CRF 1A3),%,AR 5,2040,NA,,,,,True,"Sectoral GHG emission reduction target for the transport sector, compared to 2005 reference levels:
2020 → -14%
2030 → -40%"
PT,Sectoral greenhouse gas (GHG) emission reduction target,Agriculture (CRF 3 e 1A4c),%,AR 5,2022,NA,0.039,,,,True,"Sectoral GHG emission reduction target for the agriculture sector, compared to 2005 reference levels: 
2020 → -8%
2030 → -11%"
PT,Sectoral greenhouse gas (GHG) emission reduction target,Agriculture (CRF 3 e 1A4c),%,AR 5,2023,NA,0.04,,,,True,"Sectoral GHG emission reduction target for the agriculture sector, compared to 2005 reference levels: 
2020 → -8%
2030 → -11%"
PT,Sectoral greenhouse gas (GHG) emission reduction target,Agriculture (CRF 3 e 1A4c),%,AR 5,2030,-0.11,,,,-0.11,True,"Sectoral GHG emission reduction target for the agriculture sector, compared to 2005 reference levels: 
2020 → -8%
2030 → -11%"
PT,Sectoral greenhouse gas (GHG) emission reduction target,Agriculture (CRF 3 e 1A4c),%,AR 5,2035,NA,,,,,True,"Sectoral GHG emission reduction target for the agriculture sector, compared to 2005 reference levels: 
2020 → -8%
2030 → -11%"
PT,Sectoral greenhouse gas (GHG) emission reduction target,Agriculture (CRF 3 e 1A4c),%,AR 5,2040,NA,,,,,True,"Sectoral GHG emission reduction target for the agriculture sector, compared to 2005 reference levels: 
2020 → -8%
2030 → -11%"
PT,Sectoral greenhouse gas (GHG) emission reduction target,Waste and wastewater (CRF 5),%,AR 5,2022,NA,708.474,,,,True,"Sectoral GHG emission reduction target for the waste sector, compared to 2005 reference levels: 
2020 → -14%
2030 → -30%"
PT,Sectoral greenhouse gas (GHG) emission reduction target,Waste and wastewater (CRF 5),%,AR 5,2023,NA,708.951,,,,True,"Sectoral GHG emission reduction target for the waste sector, compared to 2005 reference levels: 
2020 → -14%
2030 → -30%"
PT,Sectoral greenhouse gas (GHG) emission reduction target,Waste and wastewater (CRF 5),%,AR 5,2030,-0.3,,726.767,546.998,-0.3,True,"Sectoral GHG emission reduction target for the waste sector, compared to 2005 reference levels: 
2020 → -14%
2030 → -30%"
PT,Sectoral greenhouse gas (GHG) emission reduction target,Waste and wastewater (CRF 5),%,AR 5,2035,NA,,734,522.72,,True,"Sectoral GHG emission reduction target for the waste sector, compared to 2005 reference levels: 
2020 → -14%
2030 → -30%"
PT,Sectoral greenhouse gas (GHG) emission reduction target,Waste and wastewater (CRF 5),%,AR 5,2040,NA,,728.03,499.27,,True,"Sectoral GHG emission reduction target for the waste sector, compared to 2005 reference levels: 
2020 → -14%
2030 → -30%"
LU,National Climate Law of 15 December 2020,"GHG emissions attributed to Luxembourg under Regulation (EU) 2018/842, i.e. ESR emissions.",kt CO2e,AR 5,2022,7777,7080.75,,,7777.0,True,"Luxembourg is committed to reducing its non-ETS emissions (i.e. ESR emissions, including 1A3a - CO2) by 55% compared to their 2005 level. The 2005 (base year) emissions taken into account are those retained in Regulation (EU) 2018/842. This national target excludes LULUCF and international bunkers."
LU,National Climate Law of 15 December 2020,"GHG emissions attributed to Luxembourg under Regulation (EU) 2018/842, i.e. ESR emissions.",kt CO2e,AR 5,2023,7373,6879.9,,,7373.0,True,"Luxembourg is committed to reducing its non-ETS emissions (i.e. ESR emissions, including 1A3a - CO2) by 55% compared to their 2005 level. The 2005 (base year) emissions taken into account are those retained in Regulation (EU) 2018/842. This national target excludes LULUCF and international bunkers."
LU,National Climate Law of 15 December 2020,"GHG emissions attributed to Luxembourg under Regulation (EU) 2018/842, i.e. ESR emissions.",kt CO2e,AR 5,2030,4552,,6778.64,4489.02,4552.0,True,"Luxembourg is committed to reducing its non-ETS emissions (i.e. ESR emissions, including 1A3a - CO2) by 55% compared to their 2005 level. The 2005 (base year) emissions taken into account are those retained in Regulation (EU) 2018/842. This national target excludes LULUCF and international bunkers."
LU,National Climate Law of 15 December 2020,"GHG emissions attributed to Luxembourg under Regulation (EU) 2018/842, i.e. ESR emissions.",kt CO2e,AR 5,2035,NA,,6055.1,2799.92,,True,"Luxembourg is committed to reducing its non-ETS emissions (i.e. ESR emissions, including 1A3a - CO2) by 55% compared to their 2005 level. The 2005 (base year) emissions taken into account are those retained in Regulation (EU) 2018/842. This national target excludes LULUCF and international bunkers."
LU,National Climate Law of 15 December 2020,"GHG emissions attributed to Luxembourg under Regulation (EU) 2018/842, i.e. ESR emissions.",kt CO2e,AR 5,2040,NA,,5508.01,1572.72,,True,"Luxembourg is committed to reducing its non-ETS emissions (i.e. ESR emissions, including 1A3a - CO2) by 55% compared to their 2005 level. The 2005 (base year) emissions taken into account are those retained in Regulation (EU) 2018/842. This national target excludes LULUCF and international bunkers."
LU,Sectoral objectives under the Climate Law - Regulation of 22 June 2022,"GHG emissions attributed to Luxembourg under Regulation (EU) 2018/842 - Energy and manufacturing industries, construction: 
CRF 1A1a excl. waste incineration, 1A2, 1B & 2.",kt CO2e,AR 5,2022,431,564.127,,,431.0,True,"Sectoral targets have been defined for five aggregate sectors. For each of them, 2021-2030 trajectories have been defined, meaning that each aggregate sector has its own emissions budget for the period."
LU,Sectoral objectives under the Climate Law - Regulation of 22 June 2022,"GHG emissions attributed to Luxembourg under Regulation (EU) 2018/842 - Energy and manufacturing industries, construction: 
CRF 1A1a excl. waste incineration, 1A2, 1B & 2.",kt CO2e,AR 5,2023,408,540.873,,,408.0,True,"Sectoral targets have been defined for five aggregate sectors. For each of them, 2021-2030 trajectories have been defined, meaning that each aggregate sector has its own emissions budget for the period."
LU,Sectoral objectives under the Climate Law - Regulation of 22 June 2022,"GHG emissions attributed to Luxembourg under Regulation (EU) 2018/842 - Energy and manufacturing industries, construction: 
CRF 1A1a excl. waste incineration, 1A2, 1B & 2.",kt CO2e,AR 5,2030,242,,402.484,324.573,242.0,True,"Sectoral targets have been defined for five aggregate sectors. For each of them, 2021-2030 trajectories have been defined, meaning that each aggregate sector has its own emissions budget for the period."
LU,Sectoral objectives under the Climate Law - Regulation of 22 June 2022,"GHG emissions attributed to Luxembourg under Regulation (EU) 2018/842 - Energy and manufacturing industries, construction: 
CRF 1A1a excl. waste incineration, 1A2, 1B & 2.",kt CO2e,AR 5,2035,NA,,324.331,249.446,,True,"Sectoral targets have been defined for five aggregate sectors. For each of them, 2021-2030 trajectories have been defined, meaning that each aggregate sector has its own emissions budget for the period."
LU,Sectoral objectives under the Climate Law - Regulation of 22 June 2022,"GHG emissions attributed to Luxembourg under Regulation (EU) 2018/842 - Energy and manufacturing industries, construction: 
CRF 1A1a excl. waste incineration, 1A2, 1B & 2.",kt CO2e,AR 5,2040,NA,,255.653,171.522,,True,"Sectoral targets have been defined for five aggregate sectors. For each of them, 2021-2030 trajectories have been defined, meaning that each aggregate sector has its own emissions budget for the period."
LU,Sectoral objectives under the Climate Law - Regulation of 22 June 2022,"GHG emissions attributed to Luxembourg under Regulation (EU) 2018/842 - Transports:
CRF 1A3 & 1A5.",kt CO2e,AR 5,2022,5018,4217.19,,,5018.0,True,"Sectoral targets have been defined for five aggregate sectors. For each of them, 2021-2030 trajectories have been defined, meaning that each aggregate sector has its own emissions budget for the period."
LU,Sectoral objectives under the Climate Law - Regulation of 22 June 2022,"GHG emissions attributed to Luxembourg under Regulation (EU) 2018/842 - Transports:
CRF 1A3 & 1A5.",kt CO2e,AR 5,2023,4757,4064.4,,,4757.0,True,"Sectoral targets have been defined for five aggregate sectors. For each of them, 2021-2030 trajectories have been defined, meaning that each aggregate sector has its own emissions budget for the period."
LU,Sectoral objectives under the Climate Law - Regulation of 22 June 2022,"GHG emissions attributed to Luxembourg under Regulation (EU) 2018/842 - Transports:
CRF 1A3 & 1A5.",kt CO2e,AR 5,2030,3053,,4030.75,2467.33,3053.0,True,"Sectoral targets have been defined for five aggregate sectors. For each of them, 2021-2030 trajectories have been defined, meaning that each aggregate sector has its own emissions budget for the period."
LU,Sectoral objectives under the Climate Law - Regulation of 22 June 2022,"GHG emissions attributed to Luxembourg under Regulation (EU) 2018/842 - Transports:
CRF 1A3 & 1A5.",kt CO2e,AR 5,2035,NA,,3551.63,1169.55,,True,"Sectoral targets have been defined for five aggregate sectors. For each of them, 2021-2030 trajectories have been defined, meaning that each aggregate sector has its own emissions budget for the period."
LU,Sectoral objectives under the Climate Law - Regulation of 22 June 2022,"GHG emissions attributed to Luxembourg under Regulation (EU) 2018/842 - Transports:
CRF 1A3 & 1A5.",kt CO2e,AR 5,2040,NA,,3250,320.666,,True,"Sectoral targets have been defined for five aggregate sectors. For each of them, 2021-2030 trajectories have been defined, meaning that each aggregate sector has its own emissions budget for the period."
LU,Sectoral objectives under the Climate Law - Regulation of 22 June 2022,"GHG emissions attributed to Luxembourg under Regulation (EU) 2018/842 - Commercial/institutional & residential buildings
CRF 1A4a & 1A4b.",kt CO2e,AR 5,2022,1396,,,,1396.0,True,"Sectoral targets have been defined for five aggregate sectors. For each of them, 2021-2030 trajectories have been defined, meaning that each aggregate sector has its own emissions budget for the period."
LU,Sectoral objectives under the Climate Law - Regulation of 22 June 2022,"GHG emissions attributed to Luxembourg under Regulation (EU) 2018/842 - Commercial/institutional & residential buildings
CRF 1A4a & 1A4b.",kt CO2e,AR 5,2023,1295,,,,1295.0,True,"Sectoral targets have been defined for five aggregate sectors. For each of them, 2021-2030 trajectories have been defined, meaning that each aggregate sector has its own emissions budget for the period."
LU,Sectoral objectives under the Climate Law - Regulation of 22 June 2022,"GHG emissions attributed to Luxembourg under Regulation (EU) 2018/842 - Commercial/institutional & residential buildings
CRF 1A4a & 1A4b.",kt CO2e,AR 5,2030,590,,,,590.0,True,"Sectoral targets have been defined for five aggregate sectors. For each of them, 2021-2030 trajectories have been defined, meaning that each aggregate sector has its own emissions budget for the period."
LU,Sectoral objectives under the Climate Law - Regulation of 22 June 2022,"GHG emissions attributed to Luxembourg under Regulation (EU) 2018/842 - Commercial/institutional & residential buildings
CRF 1A4a & 1A4b.",kt CO2e,AR 5,2035,NA,,,,,True,"Sectoral targets have been defined for five aggregate sectors. For each of them, 2021-2030 trajectories have been defined, meaning that each aggregate sector has its own emissions budget for the period."
LU,Sectoral objectives under the Climate Law - Regulation of 22 June 2022,"GHG emissions attributed to Luxembourg under Regulation (EU) 2018/842 - Commercial/institutional & residential buildings
CRF 1A4a & 1A4b.",kt CO2e,AR 5,2040,NA,,,,,True,"Sectoral targets have been defined for five aggregate sectors. For each of them, 2021-2030 trajectories have been defined, meaning that each aggregate sector has its own emissions budget for the period."
LU,Sectoral objectives under the Climate Law - Regulation of 22 June 2022,"GHG emissions attributed to Luxembourg under Regulation (EU) 2018/842 - agriculture and forestry:
CRF 1A4c & 3.",kt CO2e,AR 5,2022,752,,,,752.0,True,"Sectoral targets have been defined for five aggregate sectors. For each of them, 2021-2030 trajectories have been defined, meaning that each aggregate sector has its own emissions budget for the period."
LU,Sectoral objectives under the Climate Law - Regulation of 22 June 2022,"GHG emissions attributed to Luxembourg under Regulation (EU) 2018/842 - agriculture and forestry:
CRF 1A4c & 3.",kt CO2e,AR 5,2023,742,,,,742.0,True,"Sectoral targets have been defined for five aggregate sectors. For each of them, 2021-2030 trajectories have been defined, meaning that each aggregate sector has its own emissions budget for the period."
LU,Sectoral objectives under the Climate Law - Regulation of 22 June 2022,"GHG emissions attributed to Luxembourg under Regulation (EU) 2018/842 - agriculture and forestry:
CRF 1A4c & 3.",kt CO2e,AR 5,2030,556,,,,556.0,True,"Sectoral targets have been defined for five aggregate sectors. For each of them, 2021-2030 trajectories have been defined, meaning that each aggregate sector has its own emissions budget for the period."
LU,Sectoral objectives under the Climate Law - Regulation of 22 June 2022,"GHG emissions attributed to Luxembourg under Regulation (EU) 2018/842 - agriculture and forestry:
CRF 1A4c & 3.",kt CO2e,AR 5,2035,NA,,,,,True,"Sectoral targets have been defined for five aggregate sectors. For each of them, 2021-2030 trajectories have been defined, meaning that each aggregate sector has its own emissions budget for the period."
LU,Sectoral objectives under the Climate Law - Regulation of 22 June 2022,"GHG emissions attributed to Luxembourg under Regulation (EU) 2018/842 - agriculture and forestry:
CRF 1A4c & 3.",kt CO2e,AR 5,2040,NA,,,,,True,"Sectoral targets have been defined for five aggregate sectors. For each of them, 2021-2030 trajectories have been defined, meaning that each aggregate sector has its own emissions budget for the period."
LU,Sectoral objectives under the Climate Law - Regulation of 22 June 2022,"GHG emissions attributed to Luxembourg under Regulation (EU) 2018/842 - waste and wastewater treatment:
CRF 5 incl. waste incineration  reported under 1A1a in inventories.",kt CO2e,AR 5,2022,180,193.861,,,180.0,True,"Sectoral targets have been defined for five aggregate sectors. For each of them, 2021-2030 trajectories have been defined, meaning that each aggregate sector has its own emissions budget for the period."
LU,Sectoral objectives under the Climate Law - Regulation of 22 June 2022,"GHG emissions attributed to Luxembourg under Regulation (EU) 2018/842 - waste and wastewater treatment:
CRF 5 incl. waste incineration  reported under 1A1a in inventories.",kt CO2e,AR 5,2023,171,185.587,,,171.0,True,"Sectoral targets have been defined for five aggregate sectors. For each of them, 2021-2030 trajectories have been defined, meaning that each aggregate sector has its own emissions budget for the period."
LU,Sectoral objectives under the Climate Law - Regulation of 22 June 2022,"GHG emissions attributed to Luxembourg under Regulation (EU) 2018/842 - waste and wastewater treatment:
CRF 5 incl. waste incineration  reported under 1A1a in inventories.",kt CO2e,AR 5,2030,111,,164.673,156.625,111.0,True,"Sectoral targets have been defined for five aggregate sectors. For each of them, 2021-2030 trajectories have been defined, meaning that each aggregate sector has its own emissions budget for the period."
LU,Sectoral objectives under the Climate Law - Regulation of 22 June 2022,"GHG emissions attributed to Luxembourg under Regulation (EU) 2018/842 - waste and wastewater treatment:
CRF 5 incl. waste incineration  reported under 1A1a in inventories.",kt CO2e,AR 5,2035,NA,,166.827,156.185,,True,"Sectoral targets have been defined for five aggregate sectors. For each of them, 2021-2030 trajectories have been defined, meaning that each aggregate sector has its own emissions budget for the period."
LU,Sectoral objectives under the Climate Law - Regulation of 22 June 2022,"GHG emissions attributed to Luxembourg under Regulation (EU) 2018/842 - waste and wastewater treatment:
CRF 5 incl. waste incineration  reported under 1A1a in inventories.",kt CO2e,AR 5,2040,NA,,169.121,153.935,,True,"Sectoral targets have been defined for five aggregate sectors. For each of them, 2021-2030 trajectories have been defined, meaning that each aggregate sector has its own emissions budget for the period."
LU,LULUCF target under the 2024 NECP update (in line with EU Regulation 2018/841: see Table 3),LULUCF (CRF 4).,kt CO2e,AR 5,2022,NA,-745.025,,,,True,"Increase in net removals in the LULUCF sector of -27 kt CO2eq in 2030 compared with the average net removals for 2016, 2017 and 2018."
LU,LULUCF target under the 2024 NECP update (in line with EU Regulation 2018/841: see Table 3),LULUCF (CRF 4).,kt CO2e,AR 5,2023,NA,-675.631,,,,True,"Increase in net removals in the LULUCF sector of -27 kt CO2eq in 2030 compared with the average net removals for 2016, 2017 and 2018."
LU,LULUCF target under the 2024 NECP update (in line with EU Regulation 2018/841: see Table 3),LULUCF (CRF 4).,kt CO2e,AR 5,2030,-403,,-201.191,-429.657,-403.0,True,"Increase in net removals in the LULUCF sector of -27 kt CO2eq in 2030 compared with the average net removals for 2016, 2017 and 2018."
LU,LULUCF target under the 2024 NECP update (in line with EU Regulation 2018/841: see Table 3),LULUCF (CRF 4).,kt CO2e,AR 5,2035,NA,,-52.6064,-256.442,,True,"Increase in net removals in the LULUCF sector of -27 kt CO2eq in 2030 compared with the average net removals for 2016, 2017 and 2018."
LU,LULUCF target under the 2024 NECP update (in line with EU Regulation 2018/841: see Table 3),LULUCF (CRF 4).,kt CO2e,AR 5,2040,NA,,-211.358,-428.393,,True,"Increase in net removals in the LULUCF sector of -27 kt CO2eq in 2030 compared with the average net removals for 2016, 2017 and 2018."
LU,Renewable energy sources target under the 2024 NECP update,"Energy and manufacturing industries, construction, commercial and services activities, public administrations, households",Share of RES in FEC (%) - incl. cooperation measures,AR 5,2022,11,14.3,,,11.0,True,"Increase in the share of renewable energies in gross final energy consumption (FEC) to 37% following the ""Green Deal"", ""Fit for 55"", ""REPowerEU "" and the revision of the Renewable Energy Directive."
LU,Renewable energy sources target under the 2024 NECP update,"Energy and manufacturing industries, construction, commercial and services activities, public administrations, households",Share of RES in FEC (%) - incl. cooperation measures,AR 5,2023,11,14.4,,,11.0,True,"Increase in the share of renewable energies in gross final energy consumption (FEC) to 37% following the ""Green Deal"", ""Fit for 55"", ""REPowerEU "" and the revision of the Renewable Energy Directive."
LU,Renewable energy sources target under the 2024 NECP update,"Energy and manufacturing industries, construction, commercial and services activities, public administrations, households",Share of RES in FEC (%) - incl. cooperation measures,AR 5,2030,37,,20.4,37.6,37.0,True,"Increase in the share of renewable energies in gross final energy consumption (FEC) to 37% following the ""Green Deal"", ""Fit for 55"", ""REPowerEU "" and the revision of the Renewable Energy Directive."
LU,Renewable energy sources target under the 2024 NECP update,"Energy and manufacturing industries, construction, commercial and services activities, public administrations, households",Share of RES in FEC (%) - incl. cooperation measures,AR 5,2035,NA,,26,53.85,,True,"Increase in the share of renewable energies in gross final energy consumption (FEC) to 37% following the ""Green Deal"", ""Fit for 55"", ""REPowerEU "" and the revision of the Renewable Energy Directive."
LU,Renewable energy sources target under the 2024 NECP update,"Energy and manufacturing industries, construction, commercial and services activities, public administrations, households",Share of RES in FEC (%) - incl. cooperation measures,AR 5,2040,NA,,32.2,70.1,,True,"Increase in the share of renewable energies in gross final energy consumption (FEC) to 37% following the ""Green Deal"", ""Fit for 55"", ""REPowerEU "" and the revision of the Renewable Energy Directive."
LU,Renewable energy sources target under the the 2024 NECP update,Electricity,Share of RES in FEC (%) - incl. cooperation measures,AR 5,2022,NA,16.2,,,,True,See overall RES objective (#8)
LU,Renewable energy sources target under the the 2024 NECP update,Electricity,Share of RES in FEC (%) - incl. cooperation measures,AR 5,2023,NA,18,,,,True,See overall RES objective (#8)
LU,Renewable energy sources target under the the 2024 NECP update,Electricity,Share of RES in FEC (%) - incl. cooperation measures,AR 5,2030,39.1,,26.5,39.1,39.1,True,See overall RES objective (#8)
LU,Renewable energy sources target under the the 2024 NECP update,Electricity,Share of RES in FEC (%) - incl. cooperation measures,AR 5,2035,NA,,28.2,41.7,,True,See overall RES objective (#8)
LU,Renewable energy sources target under the the 2024 NECP update,Electricity,Share of RES in FEC (%) - incl. cooperation measures,AR 5,2040,NA,,30,44.3,,True,See overall RES objective (#8)
LU,Renewable energy sources target under the the 2024 NECP update,Heat,Share of RES in FEC (%) - incl. cooperation measures,AR 5,2022,NA,,,,,True,See overall RES objective (#8)
LU,Renewable energy sources target under the the 2024 NECP update,Heat,Share of RES in FEC (%) - incl. cooperation measures,AR 5,2023,NA,,,,,True,See overall RES objective (#8)
LU,Renewable energy sources target under the the 2024 NECP update,Heat,Share of RES in FEC (%) - incl. cooperation measures,AR 5,2030,40.1,,,40.1,40.1,True,See overall RES objective (#8)
LU,Renewable energy sources target under the the 2024 NECP update,Heat,Share of RES in FEC (%) - incl. cooperation measures,AR 5,2035,NA,,,60.3,,True,See overall RES objective (#8)
LU,Renewable energy sources target under the the 2024 NECP update,Heat,Share of RES in FEC (%) - incl. cooperation measures,AR 5,2040,NA,,,80.5,,True,See overall RES objective (#8)
LU,Renewable energy sources target under the the 2024 NECP update,Transport,Share of RES in FEC (%) - incl. cooperation measures,AR 5,2022,NA,8.7,,,,True,See overall RES objective (#8)
LU,Renewable energy sources target under the the 2024 NECP update,Transport,Share of RES in FEC (%) - incl. cooperation measures,AR 5,2023,NA,9.2,,,,True,See overall RES objective (#8)
LU,Renewable energy sources target under the the 2024 NECP update,Transport,Share of RES in FEC (%) - incl. cooperation measures,AR 5,2030,27.1,,14.5,27.1,27.1,True,See overall RES objective (#8)
LU,Renewable energy sources target under the the 2024 NECP update,Transport,Share of RES in FEC (%) - incl. cooperation measures,AR 5,2035,NA,,17.5,38.1,,True,See overall RES objective (#8)
LU,Renewable energy sources target under the the 2024 NECP update,Transport,Share of RES in FEC (%) - incl. cooperation measures,AR 5,2040,NA,,20.5,49.1,,True,See overall RES objective (#8)
LU,Energy efficiency target under the 2024 NECP update,"Energy and manufacturing industries, construction, commercial and services activities, public administrations, households",FEC in GWh,AR 5,2022,NA,43314,,,,True,"Target of 42% improvement in energy efficiency by 2030 (compared to the EU PRIMES Reference Scenario (REF2007) for the year 2030).
This is an ""estimated target"": see discussion in the 2024 NECP update, p. 67-72."
LU,Energy efficiency target under the 2024 NECP update,"Energy and manufacturing industries, construction, commercial and services activities, public administrations, households",FEC in GWh,AR 5,2023,NA,40554,,,,True,"Target of 42% improvement in energy efficiency by 2030 (compared to the EU PRIMES Reference Scenario (REF2007) for the year 2030).
This is an ""estimated target"": see discussion in the 2024 NECP update, p. 67-72."
LU,Energy efficiency target under the 2024 NECP update,"Energy and manufacturing industries, construction, commercial and services activities, public administrations, households",FEC in GWh,AR 5,2030,36949,,44040,36949,36949.0,True,"Target of 42% improvement in energy efficiency by 2030 (compared to the EU PRIMES Reference Scenario (REF2007) for the year 2030).
This is an ""estimated target"": see discussion in the 2024 NECP update, p. 67-72."
LU,Energy efficiency target under the 2024 NECP update,"Energy and manufacturing industries, construction, commercial and services activities, public administrations, households",FEC in GWh,AR 5,2035,NA,,41805,31878.5,,True,"Target of 42% improvement in energy efficiency by 2030 (compared to the EU PRIMES Reference Scenario (REF2007) for the year 2030).
This is an ""estimated target"": see discussion in the 2024 NECP update, p. 67-72."
LU,Energy efficiency target under the 2024 NECP update,"Energy and manufacturing industries, construction, commercial and services activities, public administrations, households",FEC in GWh,AR 5,2040,NA,,40387,29168,,True,"Target of 42% improvement in energy efficiency by 2030 (compared to the EU PRIMES Reference Scenario (REF2007) for the year 2030).
This is an ""estimated target"": see discussion in the 2024 NECP update, p. 67-72."
SI,ESD emissions from transport sector,1.A.3 Transport,%,AR 5,2022,NA,0.32,,,,True,Reduction compared to emissions in 2005
SI,ESD emissions from transport sector,1.A.3 Transport,%,AR 5,2023,NA,NA,,,,True,Reduction compared to emissions in 2005
SI,ESD emissions from transport sector,1.A.3 Transport,%,AR 5,2030,-0.01,,0.41,-0.01,-0.01,True,Reduction compared to emissions in 2005
SI,ESD emissions from transport sector,1.A.3 Transport,%,AR 5,2035,NA,,0.26,-0.35,,True,Reduction compared to emissions in 2005
SI,ESD emissions from transport sector,1.A.3 Transport,%,AR 5,2040,NA,,0.02,-0.62,,True,Reduction compared to emissions in 2005
SI,ESR emissions from buildings and energy use in agriculture,1.A.4. Other sectors and 1.A.5. Other,%,AR 5,2022,NA,-0.53,,,,True,Reduction compared to emissions in 2005
SI,ESR emissions from buildings and energy use in agriculture,1.A.4. Other sectors and 1.A.5. Other,%,AR 5,2023,NA,NA,,,,True,Reduction compared to emissions in 2005
SI,ESR emissions from buildings and energy use in agriculture,1.A.4. Other sectors and 1.A.5. Other,%,AR 5,2030,-0.69,,-0.66,-0.7,-0.69,True,Reduction compared to emissions in 2005
SI,ESR emissions from buildings and energy use in agriculture,1.A.4. Other sectors and 1.A.5. Other,%,AR 5,2035,NA,,-0.72,-0.78,,True,Reduction compared to emissions in 2005
SI,ESR emissions from buildings and energy use in agriculture,1.A.4. Other sectors and 1.A.5. Other,%,AR 5,2040,NA,,-0.76,-0.84,,True,Reduction compared to emissions in 2005
SI,ESR emissions from agriculture,3. Agriculture,%,AR 5,2022,NA,-0.04,,,,True,Reduction compared to emissions in 2005
SI,ESR emissions from agriculture,3. Agriculture,%,AR 5,2023,NA,NA,,,,True,Reduction compared to emissions in 2005
SI,ESR emissions from agriculture,3. Agriculture,%,AR 5,2030,-0.03,,-0.03,-0.04,-0.03,True,Reduction compared to emissions in 2005
SI,ESR emissions from agriculture,3. Agriculture,%,AR 5,2035,NA,,-0.02,-0.07,,True,Reduction compared to emissions in 2005
SI,ESR emissions from agriculture,3. Agriculture,%,AR 5,2040,NA,,-0.01,-0.1,,True,Reduction compared to emissions in 2005
SI,ESR emissions from waste,5. Waste,%,AR 5,2022,NA,-0.541,,,,True,Reduction compared to emissions in 2005
SI,ESR emissions from waste,5. Waste,%,AR 5,2023,NA,NA,,,,True,Reduction compared to emissions in 2005
SI,ESR emissions from waste,5. Waste,%,AR 5,2030,-0.65,,-0.66,-0.66,-0.65,True,Reduction compared to emissions in 2005
SI,ESR emissions from waste,5. Waste,%,AR 5,2035,NA,,-0.71,-0.71,,True,Reduction compared to emissions in 2005
SI,ESR emissions from waste,5. Waste,%,AR 5,2040,NA,,-0.75,-0.75,,True,Reduction compared to emissions in 2005
SI,ESR emissions from manufacturing ndustries and construction and industrial processes,1.A.2. Manufacturing industries and construction and 2. Industrial processes,%,AR 5,2022,NA,-0.233,,,,True,Reduction compared to emissions in 2005
SI,ESR emissions from manufacturing ndustries and construction and industrial processes,1.A.2. Manufacturing industries and construction and 2. Industrial processes,%,AR 5,2023,NA,NA,,,,True,Reduction compared to emissions in 2005
SI,ESR emissions from manufacturing ndustries and construction and industrial processes,1.A.2. Manufacturing industries and construction and 2. Industrial processes,%,AR 5,2030,-0.4,,-0.26,-0.41,-0.4,True,Reduction compared to emissions in 2005
SI,ESR emissions from manufacturing ndustries and construction and industrial processes,1.A.2. Manufacturing industries and construction and 2. Industrial processes,%,AR 5,2035,NA,,-0.29,-0.5,,True,Reduction compared to emissions in 2005
SI,ESR emissions from manufacturing ndustries and construction and industrial processes,1.A.2. Manufacturing industries and construction and 2. Industrial processes,%,AR 5,2040,NA,,-0.29,-0.57,,True,Reduction compared to emissions in 2005
SI,ESR emissions from energy industries and fugitive emissions,1.A.1. Energy industries and 1.B Fugitive emissions,%,AR 5,2022,NA,19713.8,,,,True,Reduction compared to emissions in 2005
SI,ESR emissions from energy industries and fugitive emissions,1.A.1. Energy industries and 1.B Fugitive emissions,%,AR 5,2023,NA,19288.1,,,,True,Reduction compared to emissions in 2005
SI,ESR emissions from energy industries and fugitive emissions,1.A.1. Energy industries and 1.B Fugitive emissions,%,AR 5,2030,-0.35,,19603,19359,-0.35,True,Reduction compared to emissions in 2005
SI,ESR emissions from energy industries and fugitive emissions,1.A.1. Energy industries and 1.B Fugitive emissions,%,AR 5,2035,NA,,18542,15857,,True,Reduction compared to emissions in 2005
SI,ESR emissions from energy industries and fugitive emissions,1.A.1. Energy industries and 1.B Fugitive emissions,%,AR 5,2040,NA,,17087,11178,,True,Reduction compared to emissions in 2005
SK,National reduction targets for GHG emissions not covered by the EU ETS (22.7%). This objective is referenced in the NECP update.,"Domestic transport (excluding aviation), Buildings, Agriculture, Small industry and Waste -  ESR 1.A.1. ; ESR 1.A.2. ; ESR 1.A.3. ; ESR 1.A.4. ; ESR 1.A.5. ; ESR 1.B. ; ESR 2; ESR 3; ESR 5",MtCO2e,AR 5,2022,NA,,,,,True,The implementation of the ESR is supported by additional sectoral policies and measures (details can be found in the First Biennial Transparency Report of the Slovak Republic 2024 (https://unfccc.int/documents/644823; https://unfccc.int/documents/644822) in the chapter on mitigation policies and measures).
SK,National reduction targets for GHG emissions not covered by the EU ETS (22.7%). This objective is referenced in the NECP update.,"Domestic transport (excluding aviation), Buildings, Agriculture, Small industry and Waste -  ESR 1.A.1. ; ESR 1.A.2. ; ESR 1.A.3. ; ESR 1.A.4. ; ESR 1.A.5. ; ESR 1.B. ; ESR 2; ESR 3; ESR 5",MtCO2e,AR 5,2023,NA,,,,,True,The implementation of the ESR is supported by additional sectoral policies and measures (details can be found in the First Biennial Transparency Report of the Slovak Republic 2024 (https://unfccc.int/documents/644823; https://unfccc.int/documents/644822) in the chapter on mitigation policies and measures).
SK,National reduction targets for GHG emissions not covered by the EU ETS (22.7%). This objective is referenced in the NECP update.,"Domestic transport (excluding aviation), Buildings, Agriculture, Small industry and Waste -  ESR 1.A.1. ; ESR 1.A.2. ; ESR 1.A.3. ; ESR 1.A.4. ; ESR 1.A.5. ; ESR 1.B. ; ESR 2; ESR 3; ESR 5",MtCO2e,AR 5,2030,NA,,,,,True,The implementation of the ESR is supported by additional sectoral policies and measures (details can be found in the First Biennial Transparency Report of the Slovak Republic 2024 (https://unfccc.int/documents/644823; https://unfccc.int/documents/644822) in the chapter on mitigation policies and measures).
SK,National reduction targets for GHG emissions not covered by the EU ETS (22.7%). This objective is referenced in the NECP update.,"Domestic transport (excluding aviation), Buildings, Agriculture, Small industry and Waste -  ESR 1.A.1. ; ESR 1.A.2. ; ESR 1.A.3. ; ESR 1.A.4. ; ESR 1.A.5. ; ESR 1.B. ; ESR 2; ESR 3; ESR 5",MtCO2e,AR 5,2035,17885,,,,17885.0,True,The implementation of the ESR is supported by additional sectoral policies and measures (details can be found in the First Biennial Transparency Report of the Slovak Republic 2024 (https://unfccc.int/documents/644823; https://unfccc.int/documents/644822) in the chapter on mitigation policies and measures).
SK,National reduction targets for GHG emissions not covered by the EU ETS (22.7%). This objective is referenced in the NECP update.,"Domestic transport (excluding aviation), Buildings, Agriculture, Small industry and Waste -  ESR 1.A.1. ; ESR 1.A.2. ; ESR 1.A.3. ; ESR 1.A.4. ; ESR 1.A.5. ; ESR 1.B. ; ESR 2; ESR 3; ESR 5",MtCO2e,AR 5,2040,NA,,,,,True,The implementation of the ESR is supported by additional sectoral policies and measures (details can be found in the First Biennial Transparency Report of the Slovak Republic 2024 (https://unfccc.int/documents/644823; https://unfccc.int/documents/644822) in the chapter on mitigation policies and measures).
SE,Zero net emissions,All sectors within Sweden's territory,kton CO2-eq,AR 5,2022,NA,27235,,,,False,"By 2045, Sweden is to have no net emissions of greenhouse gases into the atmosphere and should thereafter achieve negative emissions. This means emissions from activities in Swedish territory are to be at least 85% lower by 2045 compared with 1990. Supplementary measures may count towards achieving zero net emissions, such as increased uptake of carbon dioxide in forests and land, and investments in other countries. International accounting guidelines will be followed for this."
SE,Zero net emissions,All sectors within Sweden's territory,kton CO2-eq,AR 5,2023,NA,26803,,,,False,"By 2045, Sweden is to have no net emissions of greenhouse gases into the atmosphere and should thereafter achieve negative emissions. This means emissions from activities in Swedish territory are to be at least 85% lower by 2045 compared with 1990. Supplementary measures may count towards achieving zero net emissions, such as increased uptake of carbon dioxide in forests and land, and investments in other countries. International accounting guidelines will be followed for this."
SE,Zero net emissions,All sectors within Sweden's territory,kton CO2-eq,AR 5,2030,NA,,23816,23816,,False,"By 2045, Sweden is to have no net emissions of greenhouse gases into the atmosphere and should thereafter achieve negative emissions. This means emissions from activities in Swedish territory are to be at least 85% lower by 2045 compared with 1990. Supplementary measures may count towards achieving zero net emissions, such as increased uptake of carbon dioxide in forests and land, and investments in other countries. International accounting guidelines will be followed for this."
SE,Zero net emissions,All sectors within Sweden's territory,kton CO2-eq,AR 5,2035,NA,,NA,NA,,False,"By 2045, Sweden is to have no net emissions of greenhouse gases into the atmosphere and should thereafter achieve negative emissions. This means emissions from activities in Swedish territory are to be at least 85% lower by 2045 compared with 1990. Supplementary measures may count towards achieving zero net emissions, such as increased uptake of carbon dioxide in forests and land, and investments in other countries. International accounting guidelines will be followed for this."
SE,Zero net emissions,All sectors within Sweden's territory,kton CO2-eq,AR 5,2040,NA,,NA,NA,,False,"By 2045, Sweden is to have no net emissions of greenhouse gases into the atmosphere and should thereafter achieve negative emissions. This means emissions from activities in Swedish territory are to be at least 85% lower by 2045 compared with 1990. Supplementary measures may count towards achieving zero net emissions, such as increased uptake of carbon dioxide in forests and land, and investments in other countries. International accounting guidelines will be followed for this."
SE,Milestone target: National ESR target for 2040,Sectors covered by the EU Effort Sharing Regulation,kton CO2-eq,AR 5,2022,NA,,,,,True,"By 2040, emissions in Sweden in the sectors that are covered by the EU Effort Sharing Regulation should be at least 75 per cent lower than in 1990, out of which 2 percent may achieved through supplementary measures."
SE,Milestone target: National ESR target for 2040,Sectors covered by the EU Effort Sharing Regulation,kton CO2-eq,AR 5,2023,NA,,,,,True,"By 2040, emissions in Sweden in the sectors that are covered by the EU Effort Sharing Regulation should be at least 75 per cent lower than in 1990, out of which 2 percent may achieved through supplementary measures."
SE,Milestone target: National ESR target for 2040,Sectors covered by the EU Effort Sharing Regulation,kton CO2-eq,AR 5,2030,NA,,,,,True,"By 2040, emissions in Sweden in the sectors that are covered by the EU Effort Sharing Regulation should be at least 75 per cent lower than in 1990, out of which 2 percent may achieved through supplementary measures."
SE,Milestone target: National ESR target for 2040,Sectors covered by the EU Effort Sharing Regulation,kton CO2-eq,AR 5,2035,NA,,,,,True,"By 2040, emissions in Sweden in the sectors that are covered by the EU Effort Sharing Regulation should be at least 75 per cent lower than in 1990, out of which 2 percent may achieved through supplementary measures."
SE,Milestone target: National ESR target for 2040,Sectors covered by the EU Effort Sharing Regulation,kton CO2-eq,AR 5,2040,11551,,,,11551.0,True,"By 2040, emissions in Sweden in the sectors that are covered by the EU Effort Sharing Regulation should be at least 75 per cent lower than in 1990, out of which 2 percent may achieved through supplementary measures."
SE,Milestone target: National ESR target for 2030,Sectors covered by the EU Effort Sharing Regulation,kton CO2-eq,AR 5,2022,NA,,,,,True,"By 2030, emissions in Sweden in the sectors covered by the EU Effort Sharing Regulation should be at least 63 per cent lower than in 1990, out of which 8 percent may achieved through supplementary measures."
SE,Milestone target: National ESR target for 2030,Sectors covered by the EU Effort Sharing Regulation,kton CO2-eq,AR 5,2023,NA,,,,,True,"By 2030, emissions in Sweden in the sectors covered by the EU Effort Sharing Regulation should be at least 63 per cent lower than in 1990, out of which 8 percent may achieved through supplementary measures."
SE,Milestone target: National ESR target for 2030,Sectors covered by the EU Effort Sharing Regulation,kton CO2-eq,AR 5,2030,17095,,,,17095.0,True,"By 2030, emissions in Sweden in the sectors covered by the EU Effort Sharing Regulation should be at least 63 per cent lower than in 1990, out of which 8 percent may achieved through supplementary measures."
SE,Milestone target: National ESR target for 2030,Sectors covered by the EU Effort Sharing Regulation,kton CO2-eq,AR 5,2035,NA,,,,,True,"By 2030, emissions in Sweden in the sectors covered by the EU Effort Sharing Regulation should be at least 63 per cent lower than in 1990, out of which 8 percent may achieved through supplementary measures."
SE,Milestone target: National ESR target for 2030,Sectors covered by the EU Effort Sharing Regulation,kton CO2-eq,AR 5,2040,NA,,,,,True,"By 2030, emissions in Sweden in the sectors covered by the EU Effort Sharing Regulation should be at least 63 per cent lower than in 1990, out of which 8 percent may achieved through supplementary measures."
SE,Milestone target: Emissions from domestic transport by 2030,Domestic transport (excluding domestic aviation which is included in the European Union Emissions Trading System),kton CO2-eq,AR 5,2022,NA,13628,,,,True,"Emissions from domestic transport, excluding domestic aviation, are to be reduced by at least 70 per cent at latest by 2030 compared with 2010. Domestic aviation is not included in the goal since domestic aviation is included in the EU ETS."
SE,Milestone target: Emissions from domestic transport by 2030,Domestic transport (excluding domestic aviation which is included in the European Union Emissions Trading System),kton CO2-eq,AR 5,2023,NA,13506,,,,True,"Emissions from domestic transport, excluding domestic aviation, are to be reduced by at least 70 per cent at latest by 2030 compared with 2010. Domestic aviation is not included in the goal since domestic aviation is included in the EU ETS."
SE,Milestone target: Emissions from domestic transport by 2030,Domestic transport (excluding domestic aviation which is included in the European Union Emissions Trading System),kton CO2-eq,AR 5,2030,6163,,11739,11739,6163.0,True,"Emissions from domestic transport, excluding domestic aviation, are to be reduced by at least 70 per cent at latest by 2030 compared with 2010. Domestic aviation is not included in the goal since domestic aviation is included in the EU ETS."
SE,Milestone target: Emissions from domestic transport by 2030,Domestic transport (excluding domestic aviation which is included in the European Union Emissions Trading System),kton CO2-eq,AR 5,2035,NA,,NA,NA,,True,"Emissions from domestic transport, excluding domestic aviation, are to be reduced by at least 70 per cent at latest by 2030 compared with 2010. Domestic aviation is not included in the goal since domestic aviation is included in the EU ETS."
SE,Milestone target: Emissions from domestic transport by 2030,Domestic transport (excluding domestic aviation which is included in the European Union Emissions Trading System),kton CO2-eq,AR 5,2040,NA,,NA,NA,,True,"Emissions from domestic transport, excluding domestic aviation, are to be reduced by at least 70 per cent at latest by 2030 compared with 2010. Domestic aviation is not included in the goal since domestic aviation is included in the EU ETS."
